7.5,1076.44,277.35
12.5,1076.44,256.25
17.5,1076.44,226.895
22.5,1076.44,192.313
27.5,1076.44,228.103
32.5,1076.44,167.925
37.5,1076.44,251.387
42.5,1076.44,157.329
47.5,1076.44,257.706
52.5,1076.44,153.105
57.5,1076.44,192.302
82.5,1076.44,179.734
87.5,1076.44,238.032
92.5,1076.44,255.608
97.5,1076.44,321.246
102.5,1075.375,360.453
107.5,1073.245,275.789
112.5,1071.115,289.854
117.5,1068.9850000000001,242.835
122.5,1066.855,218.139
127.5,1064.725,193.996
132.5,1062.595,176.66
137.5,1060.4650000000001,167.555
142.5,1058.335,131.375
147.5,1056.205,154.759
152.5,1054.075,187.648
197.5,1036.79,248.069
202.5,1034.69,183.246
207.5,1032.5900000000001,222.39
212.5,1030.49,192.9
217.5,1028.39,190.555
222.5,1026.29,188.024
227.5,1024.19,140.413
232.5,1022.0900000000001,171.17
237.5,1019.99,163.08
242.5,1017.8900000000001,142.916
247.5,1015.79,146.725
252.5,1013.69,102.542
257.5,1011.5900000000001,106.25
262.5,1009.49,64.668
267.5,1008.44,92.583
272.5,1008.44,61.564
277.5,1008.44,89.036
282.5,1008.44,74.435
287.5,1008.44,91.731
292.5,1008.44,85.19
297.5,1008.44,109.85
302.5,1008.44,89.371
307.5,1008.44,99.826
312.5,1008.44,89.949
317.5,1008.44,95.15
322.5,1008.44,89.939
327.5,1008.44,92.334
332.5,1008.44,98.077
337.5,1008.44,106.831
342.5,1008.44,104.07
347.5,1008.44,123.707
352.5,1008.44,112.169
357.5,1008.44,116.062
362.5,1008.44,108.801
367.5,1008.44,116.554
372.5,1008.44,111.057
377.5,1008.44,116.24
382.5,1008.44,119.696
387.5,1008.44,125.064
392.5,1008.44,112.997
397.5,1008.44,145.365
402.5,1008.44,120.349
407.5,1008.44,123.781
412.5,1008.44,127.942
417.5,1008.44,120.049
422.5,1008.44,125.13
427.5,1008.44,117.604
432.5,1008.44,121.741
437.5,1008.44,127.909
442.5,1008.44,115.203
447.5,1008.44,151.586
452.5,1008.44,115.579
457.5,1008.44,128.67
462.5,1008.44,125.83
467.5,1008.44,116.948
472.5,1008.44,131.242
477.5,1008.44,115.632
482.5,1008.44,134.676
487.5,1008.44,136.285
492.5,1008.44,127.33
497.5,1008.44,166.286
502.5,1008.44,133.629
507.5,1008.44,140.893
512.5,1008.44,131.132
517.5,1008.44,129.802
522.5,1008.44,119.053
527.5,1008.44,124.186
532.5,1008.44,126.492
537.5,1008.44,129.614
542.5,1008.44,127.857
547.5,1008.44,147.029
552.5,1008.44,130.019
557.5,1008.44,130.826
562.5,1008.44,127.334
567.5,1008.44,119.411
572.5,1008.44,135.203
577.5,1008.44,123.072
582.5,1008.44,148.33
587.5,1008.44,140.562
592.5,1008.44,147.182
597.5,1008.44,169.164
602.5,1008.44,147.744
607.5,1008.44,147.796
612.5,1008.44,147.494
617.5,1008.44,141.852
622.5,1008.44,142.951
627.5,1008.44,136.405
632.5,1008.44,137.608
637.5,1008.44,149.294
642.5,1008.44,135.624
647.5,1008.44,155.96
652.5,1008.44,138.73
657.5,1008.44,122.332
662.5,1008.44,130.899
667.5,1008.44,119.123
672.5,1008.44,108.479
677.5,1008.44,121.508
682.5,1008.44,101.523
687.5,1008.44,122.239
692.5,1008.44,95.642
697.5,1008.44,123.903
702.5,1008.44,91.304
707.5,1008.44,98.885
712.5,1008.44,75.447
717.5,1008.44,66.485
722.5,1008.44,48.868
727.5,1008.44,40.749
732.5,1008.44,38.507
737.5,1008.44,34.401
742.5,1008.44,30.405
747.5,1008.44,37.551
752.5,1008.44,33.767
757.5,1008.44,31.869
762.5,1008.44,32.852
767.5,1008.44,34.326
772.5,1008.44,32.22
777.5,1008.44,34.83
782.5,1008.44,35.071
787.5,1008.44,40.085
792.5,1008.44,38.145
797.5,1008.44,51.453
802.5,1008.44,40.787
807.5,1008.44,48.662
812.5,1008.44,42.836
817.5,1008.44,48.478
822.5,1008.44,43.091
827.5,1008.44,48.269
832.5,1008.44,55.893
837.5,1008.44,51.87
842.5,1008.44,62.992
847.5,1008.44,69.388
852.5,1008.44,53.159
857.5,1008.44,59.832
882.5,1011.635,50.501
887.5,1012.345,53.196
892.5,1013.0550000000001,49.314
897.5,1013.7650000000001,60.065
902.5,1014.475,51.457
907.5,1015.1850000000001,50.515
912.5,1015.895,61.207
917.5,1016.605,57.08
922.5,1017.315,60.402
927.5,1018.0250000000001,67.619
932.5,1018.7350000000001,63.17
937.5,1019.445,68.247
942.5,1020.1550000000001,54.591
947.5,1020.865,65.779
952.5,1021.575,46.493
957.5,1022.2850000000001,47.861
962.5,1022.9950000000001,49.988
967.5,1023.7049999999999,47.31
972.5,1024.415,54.68
977.5,1025.125,53.62
982.5,1025.835,64.1
987.5,1026.545,66.469
992.5,1027.255,65.135
997.5,1027.9650000000001,81.849
1002.5,1028.6750000000002,66.675
1007.5,1029.385,71.776
1012.5,1030.095,64.663
1017.5,1030.805,62.644
1022.5,1031.515,48.501
1027.5,1032.2250000000001,54.908
1032.5,1032.935,51.263
1037.5,1033.645,53.701
15.0,1073.88,241.734
20.0,1073.88,239.497
25.0,1073.88,207.422
30.0,1073.88,193.935
35.0,1073.88,173.675
40.0,1073.88,171.581
45.0,1073.88,180.723
50.0,1073.88,170.499
60.0,1073.88,155.698
70.0,1073.88,155.252
80.0,1073.88,190.302
90.0,1073.88,192.255
95.0,1073.88,221.374
100.0,1073.88,260.132
105.0,1071.75,224.192
110.0,1069.6200000000001,186.996
115.0,1067.49,221.329
120.0,1065.3600000000001,225.11
125.0,1063.23,174.228
130.0,1061.1000000000001,175.287
135.0,1058.97,192.072
140.0,1056.8400000000001,158.068
145.0,1054.71,122.69
190.0,1037.38,92.292
195.0,1035.2800000000002,215.968
205.0,1031.0800000000002,202.688
210.0,1028.98,176.07
215.0,1026.88,227.879
220.0,1024.7800000000002,223.514
225.0,1022.68,171.075
230.0,1020.58,149.644
235.0,1018.48,165.702
240.0,1016.38,156.557
245.0,1014.28,120.393
250.0,1012.18,111.245
255.0,1010.08,92.813
260.0,1007.98,79.832
265.0,1005.88,76.225
270.0,1005.88,75.237
275.0,1005.88,69.515
280.0,1005.88,67.509
285.0,1005.88,64.001
290.0,1005.88,66.558
295.0,1005.88,82.661
300.0,1005.88,81.874
305.0,1005.88,71.986
310.0,1005.88,72.933
315.0,1005.88,83.032
320.0,1005.88,81.469
325.0,1005.88,77.775
330.0,1005.88,82.343
335.0,1005.88,85.192
340.0,1005.88,83.76
345.0,1005.88,91.087
350.0,1005.88,97.504
355.0,1005.88,90.56
360.0,1005.88,87.576
365.0,1005.88,95.399
370.0,1005.88,95.118
375.0,1005.88,93.024
380.0,1005.88,99.148
385.0,1005.88,91.627
390.0,1005.88,84.825
395.0,1005.88,101.059
400.0,1005.88,104.902
405.0,1005.88,87.28
410.0,1005.88,84.244
415.0,1005.88,97.014
420.0,1005.88,95.156
425.0,1005.88,91.228
430.0,1005.88,93.762
435.0,1005.88,84.924
440.0,1005.88,85.518
445.0,1005.88,100.141
450.0,1005.88,98.709
455.0,1005.88,84.065
460.0,1005.88,84.218
465.0,1005.88,95.558
470.0,1005.88,91.719
475.0,1005.88,89.887
480.0,1005.88,96.357
485.0,1005.88,89.608
490.0,1005.88,85.613
495.0,1005.88,98.741
500.0,1005.88,103.656
505.0,1005.88,84.23
510.0,1005.88,82.282
515.0,1005.88,93.953
520.0,1005.88,86.496
525.0,1005.88,83.676
530.0,1005.88,91.107
535.0,1005.88,86.96
540.0,1005.88,82.748
545.0,1005.88,94.112
550.0,1005.88,99.39
555.0,1005.88,92.573
560.0,1005.88,88.681
565.0,1005.88,94.981
570.0,1005.88,97.057
575.0,1005.88,101.315
580.0,1005.88,107.353
585.0,1005.88,98.876
590.0,1005.88,98.903
595.0,1005.88,116.468
600.0,1005.88,120.461
605.0,1005.88,100.055
610.0,1005.88,97.984
615.0,1005.88,111.977
620.0,1005.88,111.934
625.0,1005.88,103.243
630.0,1005.88,103.24
635.0,1005.88,102.248
640.0,1005.88,100.46
645.0,1005.88,110.472
650.0,1005.88,109.216
655.0,1005.88,92.067
660.0,1005.88,91.282
665.0,1005.88,98.063
670.0,1005.88,88.746
675.0,1005.88,81.144
680.0,1005.88,85.711
685.0,1005.88,77.697
690.0,1005.88,73.339
695.0,1005.88,75.081
700.0,1005.88,71.378
705.0,1005.88,62.721
710.0,1005.88,59.362
715.0,1005.88,59.272
720.0,1005.88,48.907
725.0,1005.88,42.392
730.0,1005.88,43.407
735.0,1005.88,40.186
740.0,1005.88,33.131
745.0,1005.88,37.242
750.0,1005.88,41.601
755.0,1005.88,34.167
760.0,1005.88,30.889
765.0,1005.88,35.496
770.0,1005.88,36.198
775.0,1005.88,34.429
780.0,1005.88,35.899
785.0,1005.88,35.219
790.0,1005.88,36.889
795.0,1005.88,43.492
800.0,1005.88,43.959
805.0,1005.88,39.575
810.0,1005.88,42.333
815.0,1005.88,47.898
820.0,1005.88,44.764
825.0,1005.88,47.228
830.0,1005.88,52.446
835.0,1005.88,48.364
840.0,1005.88,51.08
845.0,1005.88,57.622
850.0,1005.88,53.696
860.0,1005.88,53.214
870.0,1007.3,42.525
880.0,1008.72,53.585
890.0,1010.14,46.311
895.0,1010.85,56.261
900.0,1011.56,56.142
905.0,1012.27,48.343
910.0,1012.98,54.122
915.0,1013.6899999999999,59.18
920.0,1014.4,54.048
925.0,1015.11,54.922
930.0,1015.82,60.016
935.0,1016.53,51.681
940.0,1017.24,48.317
945.0,1017.95,52.764
950.0,1018.66,48.701
955.0,1019.37,38.414
960.0,1020.08,39.141
965.0,1020.7900000000001,43.947
970.0,1021.4999999999999,41.246
975.0,1022.2099999999999,41.772
980.0,1022.92,48.707
985.0,1023.63,49.004
990.0,1024.3400000000001,51.211
995.0,1025.0500000000002,59.718
1000.0,1025.7600000000002,60.295
1005.0,1026.47,52.729
1010.0,1027.18,57.946
1015.0,1027.89,62.494
1020.0,1028.6000000000001,52.639
1025.0,1029.3100000000002,48.797
1030.0,1030.0200000000002,51.736
22.5,1071.32,235.516
27.5,1071.32,205.352
32.5,1071.32,199.725
37.5,1071.32,163.7
42.5,1071.32,186.559
52.5,1071.32,178.025
57.5,1071.32,147.818
67.5,1071.32,150.125
72.5,1071.32,172.293
82.5,1071.32,173.59
87.5,1071.32,171.845
97.5,1071.32,189.71
102.5,1070.2549999999999,179.473
107.5,1068.1249999999998,175.204
112.5,1065.995,166.113
117.5,1063.865,171.416
122.5,1061.735,191.899
127.5,1059.6049999999998,203.63
132.5,1057.475,179.856
137.5,1055.345,138.317
152.5,1048.955,284.477
167.5,1044.27,127.944
177.5,1040.07,302.837
182.5,1037.97,300.816
197.5,1031.6699999999998,194.533
202.5,1029.57,218.429
212.5,1025.37,201.062
217.5,1023.2700000000001,181.833
222.5,1021.17,188.065
227.5,1019.07,163.805
232.5,1016.9700000000001,146.388
237.5,1014.87,145.378
242.5,1012.7700000000001,145.389
247.5,1010.67,118.472
252.5,1008.57,98.109
257.5,1006.4700000000001,78.662
262.5,1004.37,82.882
267.5,1003.32,70.682
272.5,1003.32,77.581
277.5,1003.32,58.836
282.5,1003.32,59.543
287.5,1003.32,54.419
292.5,1003.32,67.538
297.5,1003.32,65.064
302.5,1003.32,68.971
307.5,1003.32,61.922
312.5,1003.32,64.172
317.5,1003.32,64.196
322.5,1003.32,70.262
327.5,1003.32,66.541
332.5,1003.32,67.303
337.5,1003.32,68.688
342.5,1003.32,76.713
347.5,1003.32,75.693
352.5,1003.32,76.312
357.5,1003.32,72.024
362.5,1003.32,71.917
367.5,1003.32,71.841
372.5,1003.32,80.359
377.5,1003.32,74.837
382.5,1003.32,72.153
387.5,1003.32,70.392
392.5,1003.32,77.222
397.5,1003.32,74.995
402.5,1003.32,74.924
407.5,1003.32,69.102
412.5,1003.32,67.912
417.5,1003.32,70.814
422.5,1003.32,77.13
427.5,1003.32,68.694
432.5,1003.32,64.804
437.5,1003.32,66.255
442.5,1003.32,74.679
447.5,1003.32,74.052
452.5,1003.32,73.667
457.5,1003.32,67.136
462.5,1003.32,66.377
467.5,1003.32,69.618
472.5,1003.32,75.136
477.5,1003.32,69.337
482.5,1003.32,64.422
487.5,1003.32,65.771
492.5,1003.32,71.553
497.5,1003.32,70.504
502.5,1003.32,70.94
507.5,1003.32,64.368
512.5,1003.32,62.31
517.5,1003.32,61.472
522.5,1003.32,68.526
527.5,1003.32,63.664
532.5,1003.32,61.961
537.5,1003.32,62.799
542.5,1003.32,68.848
547.5,1003.32,71.307
552.5,1003.32,72.717
557.5,1003.32,70.406
562.5,1003.32,66.841
567.5,1003.32,72.028
572.5,1003.32,77.774
577.5,1003.32,77.87
582.5,1003.32,73.307
587.5,1003.32,77.112
592.5,1003.32,82.24
597.5,1003.32,83.864
602.5,1003.32,80.664
607.5,1003.32,76.837
612.5,1003.32,76.933
617.5,1003.32,80.815
622.5,1003.32,86.211
627.5,1003.32,78.108
632.5,1003.32,72.781
637.5,1003.32,75.971
642.5,1003.32,82.29
647.5,1003.32,80.037
652.5,1003.32,77.334
657.5,1003.32,70.558
662.5,1003.32,68.504
667.5,1003.32,67.165
672.5,1003.32,71.081
677.5,1003.32,62.537
682.5,1003.32,61.697
687.5,1003.32,56.314
692.5,1003.32,58.634
697.5,1003.32,51.624
702.5,1003.32,56.194
707.5,1003.32,51.136
712.5,1003.32,51.502
717.5,1003.32,45.621
722.5,1003.32,45.482
727.5,1003.32,40.651
732.5,1003.32,39.303
737.5,1003.32,38.777
742.5,1003.32,40.737
747.5,1003.32,40.398
752.5,1003.32,40.528
757.5,1003.32,37.557
762.5,1003.32,36.274
767.5,1003.32,36.318
772.5,1003.32,38.942
777.5,1003.32,35.897
782.5,1003.32,35.912
787.5,1003.32,36.386
792.5,1003.32,42.659
797.5,1003.32,41.616
802.5,1003.32,44.515
807.5,1003.32,41.564
812.5,1003.32,43.48
817.5,1003.32,43.945
822.5,1003.32,47.204
827.5,1003.32,44.188
832.5,1003.32,44.922
837.5,1003.32,46.435
842.5,1003.32,49.562
852.5,1003.32,53.825
857.5,1003.32,48.457
867.5,1004.3850000000001,42.699
872.5,1005.095,46.584
882.5,1006.515,49.434
887.5,1007.225,49.109
897.5,1008.6450000000001,48.683
902.5,1009.355,50.232
907.5,1010.065,48.973
912.5,1010.775,48.184
917.5,1011.485,48.906
922.5,1012.195,51.585
927.5,1012.9050000000001,46.734
932.5,1013.6150000000001,46.275
937.5,1014.325,45.516
942.5,1015.0350000000001,45.536
947.5,1015.745,41.001
952.5,1016.455,40.467
957.5,1017.1650000000001,35.528
962.5,1017.8750000000001,35.178
967.5,1018.5849999999999,36.566
972.5,1019.295,38.788
977.5,1020.005,38.273
982.5,1020.715,39.445
987.5,1021.4250000000001,42.353
992.5,1022.1350000000001,45.822
997.5,1022.8450000000001,44.072
1002.5,1023.5550000000002,47.802
1007.5,1024.2649999999999,47.454
1012.5,1024.975,49.158
1017.5,1025.685,46.462
1022.5,1026.395,47.41
30.0,1068.76,208.505
35.0,1068.76,202.306
45.0,1068.76,186.537
50.0,1068.76,173.258
55.0,1068.76,175.502
65.0,1068.76,156.849
70.0,1068.76,156.806
75.0,1068.76,145.011
85.0,1068.76,156.024
90.0,1068.76,162.729
95.0,1068.76,166.951
105.0,1066.6299999999999,157.376
110.0,1064.5,159.492
115.0,1062.37,159.768
120.0,1060.24,181.805
125.0,1058.11,182.874
130.0,1055.98,163.82
145.0,1049.59,186.833
150.0,1047.46,256.045
165.0,1042.76,196.157
170.0,1040.66,162.151
185.0,1034.36,225.856
190.0,1032.26,298.312
205.0,1025.96,196.957
210.0,1023.8599999999999,179.326
220.0,1019.6600000000001,159.157
225.0,1017.56,146.588
230.0,1015.46,157.62
235.0,1013.36,142.227
240.0,1011.26,140.234
245.0,1009.16,127.926
250.0,1007.06,112.561
255.0,1004.96,96.681
260.0,1002.86,82.847
265.0,1000.76,76.519
270.0,1000.76,68.628
275.0,1000.76,66.044
280.0,1000.76,56.539
285.0,1000.76,55.613
290.0,1000.76,56.628
295.0,1000.76,55.046
300.0,1000.76,59.434
305.0,1000.76,58.674
310.0,1000.76,56.485
315.0,1000.76,55.509
320.0,1000.76,53.117
325.0,1000.76,54.029
330.0,1000.76,57.112
335.0,1000.76,57.766
340.0,1000.76,62.165
345.0,1000.76,62.85
350.0,1000.76,62.538
355.0,1000.76,61.163
360.0,1000.76,58.895
365.0,1000.76,59.614
370.0,1000.76,56.818
375.0,1000.76,57.74
380.0,1000.76,60.021
385.0,1000.76,59.156
390.0,1000.76,62.83
395.0,1000.76,59.17
400.0,1000.76,58.492
405.0,1000.76,61.031
410.0,1000.76,57.148
415.0,1000.76,58.719
420.0,1000.76,54.645
425.0,1000.76,53.543
430.0,1000.76,56.733
435.0,1000.76,54.581
440.0,1000.76,59.67
445.0,1000.76,57.787
450.0,1000.76,59.208
455.0,1000.76,61.285
460.0,1000.76,55.237
465.0,1000.76,58.219
470.0,1000.76,53.35
475.0,1000.76,52.892
480.0,1000.76,56.424
485.0,1000.76,52.502
490.0,1000.76,57.194
495.0,1000.76,56.497
500.0,1000.76,55.756
505.0,1000.76,58.003
510.0,1000.76,52.2
515.0,1000.76,51.313
520.0,1000.76,49.498
525.0,1000.76,48.741
530.0,1000.76,50.782
535.0,1000.76,51.603
540.0,1000.76,56.059
545.0,1000.76,56.097
550.0,1000.76,57.802
555.0,1000.76,57.119
560.0,1000.76,55.465
565.0,1000.76,57.783
570.0,1000.76,54.271
575.0,1000.76,56.012
580.0,1000.76,59.989
585.0,1000.76,60.666
590.0,1000.76,65.353
595.0,1000.76,62.102
600.0,1000.76,62.17
605.0,1000.76,65.405
610.0,1000.76,61.506
615.0,1000.76,63.259
620.0,1000.76,59.653
625.0,1000.76,58.681
630.0,1000.76,63.095
635.0,1000.76,59.78
640.0,1000.76,61.85
645.0,1000.76,63.088
650.0,1000.76,59.515
655.0,1000.76,61.976
660.0,1000.76,55.506
665.0,1000.76,52.834
670.0,1000.76,53.567
675.0,1000.76,50.762
680.0,1000.76,51.457
685.0,1000.76,49.306
690.0,1000.76,46.944
695.0,1000.76,48.206
700.0,1000.76,48.952
705.0,1000.76,49.629
710.0,1000.76,47.44
715.0,1000.76,46.406
720.0,1000.76,42.353
725.0,1000.76,39.399
730.0,1000.76,38.534
735.0,1000.76,37.498
740.0,1000.76,41.437
745.0,1000.76,41.828
750.0,1000.76,41.469
755.0,1000.76,42.639
760.0,1000.76,40.544
765.0,1000.76,39.291
770.0,1000.76,37.668
775.0,1000.76,36.927
780.0,1000.76,37.521
785.0,1000.76,38.461
790.0,1000.76,41.37
795.0,1000.76,42.422
800.0,1000.76,44.282
805.0,1000.76,44.33
810.0,1000.76,43.533
815.0,1000.76,42.011
820.0,1000.76,39.908
825.0,1000.76,41.506
830.0,1000.76,40.01
835.0,1000.76,42.749
845.0,1000.76,47.739
850.0,1000.76,51.807
855.0,1000.76,48.288
865.0,1001.47,43.428
870.0,1002.18,39.759
875.0,1002.89,41.787
885.0,1004.31,46.004
890.0,1005.02,49.144
895.0,1005.73,46.677
905.0,1007.15,44.438
910.0,1007.86,41.484
915.0,1008.5699999999999,42.195
920.0,1009.28,42.122
925.0,1009.99,40.848
930.0,1010.7,43.297
935.0,1011.41,41.598
940.0,1012.12,40.527
945.0,1012.83,38.568
950.0,1013.54,35.64
955.0,1014.25,34.974
960.0,1014.96,31.421
965.0,1015.6700000000001,32.769
970.0,1016.3799999999999,32.374
975.0,1017.0899999999999,33.512
980.0,1017.8,35.7
985.0,1018.51,34.622
990.0,1019.22,36.954
995.0,1019.9300000000001,38.033
1000.0,1020.6400000000001,39.001
1005.0,1021.3499999999999,41.37
1010.0,1022.06,39.481
1015.0,1022.77,38.266
37.5,1066.2,217.108
42.5,1066.2,203.467
47.5,1066.2,200.854
52.5,1066.2,178.641
62.5,1066.2,153.873
67.5,1066.2,148.62
72.5,1066.2,143.426
77.5,1066.2,148.292
87.5,1066.2,151.817
92.5,1066.2,153.794
97.5,1066.2,146.719
102.5,1065.135,143.286
112.5,1060.875,169.478
117.5,1058.7450000000001,161.004
122.5,1056.615,155.827
137.5,1050.2250000000001,154.738
142.5,1048.095,193.869
162.5,1040.2,188.848
167.5,1039.15,187.89
187.5,1030.75,201.601
192.5,1028.65,231.743
212.5,1020.25,149.682
217.5,1018.1500000000001,141.775
227.5,1013.95,149.817
232.5,1011.8500000000001,127.881
237.5,1009.75,134.916
242.5,1007.6500000000001,133.297
247.5,1005.55,123.472
252.5,1003.45,103.385
257.5,1001.3500000000001,97.676
262.5,999.25,80.972
267.5,998.2,72.045
272.5,998.2,62.935
277.5,998.2,63.142
282.5,998.2,53.878
287.5,998.2,56.575
292.5,998.2,52.257
297.5,998.2,52.834
302.5,998.2,50.965
307.5,998.2,54.7
312.5,998.2,48.126
317.5,998.2,47.561
322.5,998.2,46.613
327.5,998.2,47.797
332.5,998.2,47.274
337.5,998.2,52.863
342.5,998.2,53.447
347.5,998.2,52.362
352.5,998.2,51.196
357.5,998.2,53.81
362.5,998.2,48.334
367.5,998.2,46.74
372.5,998.2,47.894
377.5,998.2,48.347
382.5,998.2,47.106
387.5,998.2,52.239
392.5,998.2,51.917
397.5,998.2,49.795
402.5,998.2,50.274
407.5,998.2,53.235
412.5,998.2,46.969
417.5,998.2,46.26
422.5,998.2,47.538
427.5,998.2,46.663
432.5,998.2,46.143
437.5,998.2,51.267
442.5,998.2,50.577
447.5,998.2,49.234
452.5,998.2,50.852
457.5,998.2,52.895
462.5,998.2,47.028
467.5,998.2,45.389
472.5,998.2,46.322
477.5,998.2,45.527
482.5,998.2,44.918
487.5,998.2,50.586
492.5,998.2,50.183
497.5,998.2,48.168
502.5,998.2,48.851
507.5,998.2,50.407
512.5,998.2,44.426
517.5,998.2,42.305
522.5,998.2,43.175
527.5,998.2,42.829
532.5,998.2,43.064
537.5,998.2,48.682
542.5,998.2,49.608
547.5,998.2,48.076
552.5,998.2,49.133
557.5,998.2,49.879
562.5,998.2,46.1
567.5,998.2,44.788
572.5,998.2,46.956
577.5,998.2,46.789
582.5,998.2,48.363
587.5,998.2,52.854
592.5,998.2,53.989
597.5,998.2,52.339
602.5,998.2,53.323
607.5,998.2,54.542
612.5,998.2,50.158
617.5,998.2,47.447
622.5,998.2,49.648
627.5,998.2,49.073
632.5,998.2,48.459
637.5,998.2,53.069
642.5,998.2,52.141
647.5,998.2,50.329
652.5,998.2,50.109
657.5,998.2,51.509
662.5,998.2,45.808
667.5,998.2,44.238
672.5,998.2,43.671
677.5,998.2,42.93
682.5,998.2,40.891
687.5,998.2,45.861
692.5,998.2,45.16
697.5,998.2,45.93
702.5,998.2,46.736
707.5,998.2,49.151
712.5,998.2,43.428
717.5,998.2,41.86
722.5,998.2,40.413
727.5,998.2,38.765
732.5,998.2,35.583
737.5,998.2,39.643
742.5,998.2,41.386
747.5,998.2,41.264
752.5,998.2,42.319
757.5,998.2,45.139
762.5,998.2,40.363
767.5,998.2,38.485
772.5,998.2,38.934
777.5,998.2,38.961
782.5,998.2,37.673
787.5,998.2,42.994
792.5,998.2,43.407
797.5,998.2,43.366
802.5,998.2,44.35
807.5,998.2,45.019
812.5,998.2,38.844
817.5,998.2,38.903
822.5,998.2,37.826
827.5,998.2,36.984
837.5,998.2,46.369
842.5,998.2,45.749
847.5,998.2,46.244
852.5,998.2,46.926
862.5,998.5550000000001,39.121
867.5,999.2650000000001,40.341
872.5,999.975,40.502
877.5,1000.6850000000001,38.883
887.5,1002.105,45.91
892.5,1002.815,42.728
897.5,1003.5250000000001,40.364
902.5,1004.235,39.807
912.5,1005.655,33.953
917.5,1006.365,36.014
922.5,1007.075,38.585
927.5,1007.7850000000001,37.448
932.5,1008.4950000000001,36.899
937.5,1009.205,39.719
942.5,1009.9150000000001,36.184
947.5,1010.625,32.711
952.5,1011.335,32.166
957.5,1012.0450000000001,31.615
962.5,1012.7550000000001,27.567
967.5,1013.4649999999999,28.472
972.5,1014.175,30.159
977.5,1014.885,29.846
982.5,1015.595,29.657
987.5,1016.3050000000001,34.423
992.5,1017.0150000000001,34.184
997.5,1017.7250000000001,34.033
1002.5,1018.4350000000002,35.131
1007.5,1019.145,35.179
45.0,1063.64,201.854
50.0,1063.64,210.123
60.0,1063.64,172.64
65.0,1063.64,152.845
70.0,1063.64,150.49
75.0,1063.64,144.928
80.0,1063.64,134.967
90.0,1063.64,144.864
95.0,1063.64,144.773
100.0,1063.64,147.091
105.0,1061.51,158.25
110.0,1059.38,164.802
130.0,1050.8600000000001,157.452
135.0,1048.73,156.571
145.0,1044.47,191.757
160.0,1037.64,166.56
165.0,1037.64,184.669
175.0,1033.44,172.394
190.0,1027.14,187.994
195.0,1025.0400000000002,176.92
205.0,1020.84,168.821
220.0,1014.5400000000001,127.663
225.0,1012.4399999999999,128.563
235.0,1008.24,129.275
240.0,1006.14,111.548
245.0,1004.04,127.991
250.0,1001.9399999999999,116.502
255.0,999.84,101.63
260.0,997.74,87.95
265.0,995.64,78.255
270.0,995.64,71.167
275.0,995.64,60.092
280.0,995.64,59.515
285.0,995.64,55.695
290.0,995.64,53.493
295.0,995.64,50.012
300.0,995.64,49.125
305.0,995.64,48.347
310.0,995.64,45.701
315.0,995.64,43.714
320.0,995.64,43.058
325.0,995.64,43.433
330.0,995.64,42.849
335.0,995.64,44.036
340.0,995.64,44.277
345.0,995.64,46.344
350.0,995.64,46.2
355.0,995.64,44.299
360.0,995.64,43.888
365.0,995.64,43.036
370.0,995.64,42.108
375.0,995.64,41.15
380.0,995.64,40.83
385.0,995.64,43.481
390.0,995.64,43.673
395.0,995.64,44.688
400.0,995.64,45.298
405.0,995.64,43.33
410.0,995.64,44.447
415.0,995.64,42.034
420.0,995.64,41.523
425.0,995.64,42.409
430.0,995.64,42.024
435.0,995.64,45.144
440.0,995.64,43.153
445.0,995.64,44.983
450.0,995.64,45.803
455.0,995.64,43.387
460.0,995.64,44.382
465.0,995.64,40.935
470.0,995.64,41.88
475.0,995.64,41.622
480.0,995.64,41.569
485.0,995.64,44.653
490.0,995.64,43.782
495.0,995.64,46.118
500.0,995.64,44.905
505.0,995.64,43.685
510.0,995.64,43.349
515.0,995.64,39.801
520.0,995.64,39.831
525.0,995.64,39.857
530.0,995.64,40.116
535.0,995.64,42.221
540.0,995.64,42.642
545.0,995.64,44.989
550.0,995.64,44.587
555.0,995.64,42.318
560.0,995.64,42.814
565.0,995.64,41.368
570.0,995.64,41.33
575.0,995.64,40.757
580.0,995.64,41.626
585.0,995.64,45.396
590.0,995.64,45.745
595.0,995.64,46.919
600.0,995.64,46.835
605.0,995.64,46.156
610.0,995.64,45.398
615.0,995.64,42.58
620.0,995.64,41.814
625.0,995.64,42.322
630.0,995.64,43.388
635.0,995.64,44.123
640.0,995.64,44.494
645.0,995.64,45.037
650.0,995.64,46.319
655.0,995.64,44.056
660.0,995.64,43.52
665.0,995.64,40.941
670.0,995.64,38.834
675.0,995.64,39.372
680.0,995.64,38.521
685.0,995.64,41.116
690.0,995.64,42.018
695.0,995.64,44.651
700.0,995.64,46.991
705.0,995.64,44.819
710.0,995.64,44.196
715.0,995.64,41.693
720.0,995.64,41.555
725.0,995.64,39.3
730.0,995.64,36.959
735.0,995.64,38.307
740.0,995.64,39.572
745.0,995.64,40.886
750.0,995.64,40.665
755.0,995.64,41.334
760.0,995.64,42.941
765.0,995.64,40.932
770.0,995.64,39.069
775.0,995.64,39.314
780.0,995.64,40.645
785.0,995.64,42.678
790.0,995.64,41.645
795.0,995.64,43.876
800.0,995.64,43.728
805.0,995.64,41.712
810.0,995.64,40.516
815.0,995.64,37.131
820.0,995.64,37.242
830.0,995.64,39.087
835.0,995.64,41.236
840.0,995.64,41.659
845.0,995.64,44.74
850.0,995.64,43.625
860.0,995.64,40.756
865.0,996.35,39.736
870.0,997.06,39.076
875.0,997.77,37.234
880.0,998.48,36.958
890.0,999.9,38.11
895.0,1000.61,37.055
900.0,1001.3199999999999,36.332
905.0,1002.03,34.519
910.0,1002.74,34.157
920.0,1004.16,32.785
925.0,1004.87,34.883
930.0,1005.58,34.255
935.0,1006.29,35.374
940.0,1007.0,33.791
945.0,1007.71,32.535
950.0,1008.42,30.78
955.0,1009.13,27.681
960.0,1009.84,27.926
965.0,1010.5500000000001,25.01
970.0,1011.2599999999999,25.363
975.0,1011.9699999999999,26.127
980.0,1012.68,27.34
985.0,1013.39,30.282
990.0,1014.1,30.563
995.0,1014.8100000000001,32.202
1000.0,1015.5200000000001,31.616
57.5,1061.08,185.3
62.5,1061.08,180.37
67.5,1061.08,155.663
72.5,1061.08,152.376
77.5,1061.08,141.465
82.5,1061.08,142.259
92.5,1061.08,145.995
97.5,1061.08,148.112
102.5,1060.0149999999999,156.267
107.5,1057.8849999999998,143.86
127.5,1049.3649999999998,153.014
137.5,1045.105,155.037
142.5,1042.975,196.777
157.5,1036.3649999999998,158.328
162.5,1035.08,167.899
172.5,1031.9299999999998,179.715
177.5,1029.83,152.779
192.5,1023.5300000000001,166.635
197.5,1021.43,153.27
207.5,1017.2300000000001,135.31
212.5,1015.13,165.081
227.5,1008.83,116.45
232.5,1006.7300000000001,119.369
242.5,1002.5300000000001,112.98
247.5,1000.43,104.096
252.5,998.33,110.825
257.5,996.2300000000001,95.897
262.5,994.13,85.301
267.5,993.08,72.466
272.5,993.08,67.509
277.5,993.08,61.117
282.5,993.08,59.955
287.5,993.08,52.546
292.5,993.08,51.604
297.5,993.08,46.767
302.5,993.08,46.128
307.5,993.08,44.314
312.5,993.08,43.584
317.5,993.08,39.448
322.5,993.08,40.681
327.5,993.08,39.553
332.5,993.08,41.121
337.5,993.08,40.166
342.5,993.08,40.443
347.5,993.08,38.988
352.5,993.08,40.476
357.5,993.08,40.258
362.5,993.08,40.416
367.5,993.08,38.936
372.5,993.08,37.943
377.5,993.08,37.151
382.5,993.08,39.263
387.5,993.08,39.2
392.5,993.08,39.409
397.5,993.08,38.151
402.5,993.08,39.319
407.5,993.08,40.254
412.5,993.08,40.717
417.5,993.08,38.55
422.5,993.08,38.241
427.5,993.08,39.13
432.5,993.08,41.386
437.5,993.08,40.871
442.5,993.08,40.463
447.5,993.08,38.809
452.5,993.08,39.899
457.5,993.08,40.639
462.5,993.08,40.24
467.5,993.08,38.431
472.5,993.08,39.201
477.5,993.08,39.766
482.5,993.08,41.873
487.5,993.08,42.194
492.5,993.08,41.284
497.5,993.08,40.675
502.5,993.08,41.492
507.5,993.08,40.322
512.5,993.08,40.509
517.5,993.08,38.425
522.5,993.08,37.546
527.5,993.08,38.329
532.5,993.08,39.354
537.5,993.08,40.142
542.5,993.08,40.551
547.5,993.08,39.018
552.5,993.08,39.625
557.5,993.08,40.497
562.5,993.08,40.181
567.5,993.08,39.144
572.5,993.08,38.187
577.5,993.08,38.684
582.5,993.08,41.452
587.5,993.08,42.184
592.5,993.08,41.478
597.5,993.08,40.709
602.5,993.08,40.985
607.5,993.08,42.198
612.5,993.08,41.1
617.5,993.08,38.424
622.5,993.08,38.459
627.5,993.08,39.017
632.5,993.08,40.99
637.5,993.08,41.036
642.5,993.08,40.118
647.5,993.08,40.429
652.5,993.08,42.235
657.5,993.08,40.712
662.5,993.08,40.077
667.5,993.08,37.266
672.5,993.08,37.403
677.5,993.08,38.391
682.5,993.08,39.302
687.5,993.08,39.718
692.5,993.08,42.929
697.5,993.08,42.547
702.5,993.08,43.985
707.5,993.08,43.111
712.5,993.08,42.619
717.5,993.08,41.321
722.5,993.08,40.706
727.5,993.08,38.354
732.5,993.08,39.505
737.5,993.08,39.191
742.5,993.08,39.335
747.5,993.08,38.308
752.5,993.08,39.507
757.5,993.08,39.716
762.5,993.08,41.722
767.5,993.08,40.178
772.5,993.08,40.137
777.5,993.08,40.666
782.5,993.08,42.632
787.5,993.08,42.638
792.5,993.08,41.987
797.5,993.08,39.736
802.5,993.08,41.073
807.5,993.08,39.437
812.5,993.08,38.667
822.5,993.08,37.464
827.5,993.08,38.143
832.5,993.08,39.83
837.5,993.08,39.066
842.5,993.08,41.097
847.5,993.08,39.974
857.5,993.08,40.681
862.5,993.4350000000001,39.824
867.5,994.1450000000001,37.598
872.5,994.855,37.298
877.5,995.565,33.992
882.5,996.275,34.015
892.5,997.695,32.534
897.5,998.4050000000001,31.898
902.5,999.115,32.286
907.5,999.825,31.915
912.5,1000.535,33.084
917.5,1001.245,31.582
927.5,1002.6650000000001,31.819
932.5,1003.3750000000001,32.248
937.5,1004.085,31.621
942.5,1004.7950000000001,30.714
947.5,1005.505,28.279
952.5,1006.215,27.545
957.5,1006.9250000000001,25.65
962.5,1007.6350000000001,24.1
967.5,1008.3449999999999,22.562
972.5,1009.055,23.452
977.5,1009.765,24.453
982.5,1010.475,26.997
987.5,1011.1850000000001,27.808
992.5,1011.8950000000001,28.46
60.0,1058.52,180.13
65.0,1058.52,183.598
70.0,1058.52,162.141
75.0,1058.52,154.284
80.0,1058.52,149.747
85.0,1058.52,153.921
95.0,1058.52,147.108
100.0,1058.52,141.44
115.0,1052.1299999999999,158.563
120.0,1050.0,159.427
135.0,1043.61,160.196
140.0,1041.48,179.281
155.0,1035.09,151.357
160.0,1032.52,154.109
170.0,1030.42,179.631
175.0,1028.32,161.024
180.0,1026.22,149.431
195.0,1019.9200000000001,149.069
200.0,1017.8199999999999,147.445
210.0,1013.6199999999999,111.697
215.0,1011.52,132.589
220.0,1009.4200000000001,138.121
235.0,1003.12,108.326
240.0,1001.02,103.826
250.0,996.8199999999999,105.5
255.0,994.72,92.884
260.0,992.62,90.747
265.0,990.52,80.458
270.0,990.52,70.04
275.0,990.52,64.525
280.0,990.52,60.751
285.0,990.52,59.514
290.0,990.52,50.057
295.0,990.52,47.742
300.0,990.52,45.049
305.0,990.52,43.837
310.0,990.52,42.429
315.0,990.52,41.087
320.0,990.52,38.468
325.0,990.52,36.749
330.0,990.52,38.692
335.0,990.52,38.718
340.0,990.52,37.13
345.0,990.52,36.125
350.0,990.52,36.788
355.0,990.52,36.687
360.0,990.52,37.712
365.0,990.52,37.671
370.0,990.52,36.294
375.0,990.52,35.248
380.0,990.52,37.054
385.0,990.52,37.189
390.0,990.52,34.913
395.0,990.52,35.46
400.0,990.52,35.996
405.0,990.52,36.134
410.0,990.52,37.241
415.0,990.52,37.89
420.0,990.52,36.425
425.0,990.52,35.986
430.0,990.52,38.899
435.0,990.52,38.596
440.0,990.52,36.829
445.0,990.52,36.559
450.0,990.52,36.685
455.0,990.52,37.093
460.0,990.52,38.174
465.0,990.52,39.283
470.0,990.52,37.245
475.0,990.52,37.633
480.0,990.52,40.291
485.0,990.52,40.586
490.0,990.52,39.397
495.0,990.52,38.448
500.0,990.52,38.68
505.0,990.52,37.802
510.0,990.52,39.361
515.0,990.52,39.273
520.0,990.52,36.8
525.0,990.52,36.241
530.0,990.52,38
535.0,990.52,38.551
540.0,990.52,36.893
545.0,990.52,37.154
550.0,990.52,37.215
555.0,990.52,37.524
560.0,990.52,38.716
565.0,990.52,39.237
570.0,990.52,37.735
575.0,990.52,37.855
580.0,990.52,39.611
585.0,990.52,39.583
590.0,990.52,38.369
595.0,990.52,37.756
600.0,990.52,38.495
605.0,990.52,37.847
610.0,990.52,38.576
615.0,990.52,38.79
620.0,990.52,37.022
625.0,990.52,36.991
630.0,990.52,38.502
635.0,990.52,39.508
640.0,990.52,37.75
645.0,990.52,38.431
650.0,990.52,38.257
655.0,990.52,38.035
660.0,990.52,38.969
665.0,990.52,38.866
670.0,990.52,37.611
675.0,990.52,36.599
680.0,990.52,39.266
685.0,990.52,39.821
690.0,990.52,39.977
695.0,990.52,40.682
700.0,990.52,41.463
705.0,990.52,41.597
710.0,990.52,41.497
715.0,990.52,42.682
720.0,990.52,40.533
725.0,990.52,40.119
730.0,990.52,40.616
735.0,990.52,40.095
740.0,990.52,37.649
745.0,990.52,37.568
750.0,990.52,38.46
755.0,990.52,37.798
760.0,990.52,38.903
765.0,990.52,40.317
770.0,990.52,40.042
775.0,990.52,39.583
780.0,990.52,42.824
785.0,990.52,41.643
790.0,990.52,39.508
795.0,990.52,39.49
800.0,990.52,38.561
805.0,990.52,37.512
815.0,990.52,40.092
820.0,990.52,36.922
825.0,990.52,37.507
830.0,990.52,39.035
835.0,990.52,38.744
840.0,990.52,38.124
845.0,990.52,38.359
855.0,990.52,36.937
860.0,990.52,39.254
865.0,991.23,38.19
870.0,991.9399999999999,34.946
875.0,992.65,33.391
880.0,993.36,32.058
885.0,994.0699999999999,30.386
895.0,995.49,30.146
900.0,996.1999999999999,29.517
905.0,996.91,29.557
910.0,997.62,31.162
915.0,998.3299999999999,31.318
920.0,999.04,30.74
925.0,999.75,30.107
935.0,1001.17,29.007
940.0,1001.88,27.807
945.0,1002.59,27.55
950.0,1003.3,25.681
955.0,1004.01,23.99
960.0,1004.72,23.013
965.0,1005.4300000000001,22.951
970.0,1006.1399999999999,21.211
975.0,1006.8499999999999,22.222
980.0,1007.56,24.329
985.0,1008.27,24.578
67.5,1055.96,180.903
72.5,1055.96,165.771
77.5,1055.96,167.606
82.5,1055.96,167.132
87.5,1055.96,155.135
107.5,1052.7649999999999,151.878
112.5,1050.635,151.766
122.5,1046.375,135.929
127.5,1044.245,135.285
132.5,1042.115,148.306
152.5,1033.595,146.652
157.5,1031.245,146.877
167.5,1028.91,167.037
172.5,1026.81,161.656
177.5,1024.71,156.809
182.5,1022.6100000000001,134.274
197.5,1016.31,141.049
202.5,1014.21,138.91
212.5,1010.01,108.567
217.5,1007.9100000000001,115.158
222.5,1005.81,115.165
227.5,1003.71,126.128
242.5,997.4100000000001,93.486
247.5,995.31,90.931
257.5,991.1100000000001,92.148
262.5,989.01,77.665
267.5,987.96,76.06
272.5,987.96,67.532
277.5,987.96,64.163
282.5,987.96,57.195
287.5,987.96,55.968
292.5,987.96,49.352
297.5,987.96,46.378
302.5,987.96,42.833
307.5,987.96,42.052
312.5,987.96,40.822
317.5,987.96,39.81
322.5,987.96,36.615
327.5,987.96,37.412
332.5,987.96,35.443
337.5,987.96,36.021
342.5,987.96,35.049
347.5,987.96,35.502
352.5,987.96,35.126
357.5,987.96,34.891
362.5,987.96,35.097
367.5,987.96,36.083
372.5,987.96,34.653
377.5,987.96,35.714
382.5,987.96,34.21
387.5,987.96,34.143
392.5,987.96,34.046
397.5,987.96,34.082
402.5,987.96,34.471
407.5,987.96,34.098
412.5,987.96,34.582
417.5,987.96,35.69
422.5,987.96,34.637
427.5,987.96,36.665
432.5,987.96,35.277
437.5,987.96,34.96
442.5,987.96,35.145
447.5,987.96,35.117
452.5,987.96,35.901
457.5,987.96,36.124
462.5,987.96,36.852
467.5,987.96,38.285
472.5,987.96,36.68
477.5,987.96,38.603
482.5,987.96,38.319
487.5,987.96,37.762
492.5,987.96,37.844
497.5,987.96,37.365
502.5,987.96,37.384
507.5,987.96,36.738
512.5,987.96,36.987
517.5,987.96,38.076
522.5,987.96,35.939
527.5,987.96,36.555
532.5,987.96,36.015
537.5,987.96,35.65
542.5,987.96,35.807
547.5,987.96,35.863
552.5,987.96,36.598
557.5,987.96,36.489
562.5,987.96,37.461
567.5,987.96,38.735
572.5,987.96,37.849
577.5,987.96,38.776
582.5,987.96,37.713
587.5,987.96,36.888
592.5,987.96,37.114
597.5,987.96,36.67
602.5,987.96,36.851
607.5,987.96,36.313
612.5,987.96,36.46
617.5,987.96,37.789
622.5,987.96,36.498
627.5,987.96,37.888
632.5,987.96,37.746
637.5,987.96,37.091
642.5,987.96,37.112
647.5,987.96,36.705
652.5,987.96,36.794
657.5,987.96,37.502
662.5,987.96,37.653
667.5,987.96,38.959
672.5,987.96,37.437
677.5,987.96,38.593
682.5,987.96,38.622
687.5,987.96,38.989
692.5,987.96,39.867
697.5,987.96,40.683
702.5,987.96,39.723
707.5,987.96,40.204
712.5,987.96,40.734
717.5,987.96,41.997
722.5,987.96,40.338
727.5,987.96,41.285
732.5,987.96,39.798
737.5,987.96,38.369
742.5,987.96,37.094
747.5,987.96,37.784
752.5,987.96,37.537
757.5,987.96,37.71
762.5,987.96,37.77
767.5,987.96,39.378
772.5,987.96,38.79
777.5,987.96,39.954
782.5,987.96,39.167
787.5,987.96,39.359
792.5,987.96,37.559
797.5,987.96,37.466
807.5,987.96,38.214
812.5,987.96,38.138
817.5,987.96,38.295
822.5,987.96,37.567
827.5,987.96,38.672
832.5,987.96,37.177
837.5,987.96,37.936
842.5,987.96,37.443
852.5,987.96,35.985
857.5,987.96,35.833
862.5,988.315,35.915
867.5,989.0250000000001,35.177
872.5,989.735,31.808
877.5,990.445,31.646
882.5,991.155,28.503
887.5,991.865,27.656
897.5,993.2850000000001,28.619
902.5,993.995,28.655
907.5,994.705,28.483
912.5,995.415,29.341
917.5,996.125,30.328
922.5,996.835,28.683
927.5,997.5450000000001,29.55
932.5,998.2550000000001,28.259
942.5,999.6750000000001,25.118
947.5,1000.385,24.413
952.5,1001.095,23.104
957.5,1001.8050000000001,22.22
962.5,1002.5150000000001,21.524
967.5,1003.2249999999999,21.885
972.5,1003.935,20.562
977.5,1004.645,21.768
75.0,1053.4,173.589
80.0,1053.4,177.167
85.0,1053.4,155.568
100.0,1053.4,153.754
105.0,1051.27,153.454
115.0,1047.01,140.377
120.0,1044.88,139.842
125.0,1042.75,134.41
130.0,1040.6200000000001,139.692
135.0,1038.49,163.444
150.0,1032.1000000000001,139.944
155.0,1029.97,145.202
165.0,1027.4,152.033
170.0,1025.3000000000002,147.011
175.0,1023.1999999999999,156.977
180.0,1021.1,151.411
185.0,1018.9999999999999,128.698
200.0,1012.6999999999999,134.452
205.0,1010.6,129.935
215.0,1006.4,111.038
220.0,1004.3000000000001,112.232
225.0,1002.1999999999999,99.865
230.0,1000.1,103.426
235.0,998.0,113.181
250.0,991.6999999999999,83.004
255.0,989.6,85.238
265.0,985.4,76.529
270.0,985.4,66.735
275.0,985.4,65.206
280.0,985.4,60.762
285.0,985.4,55.034
290.0,985.4,53.266
295.0,985.4,47.745
300.0,985.4,45.84
305.0,985.4,41.286
310.0,985.4,40.279
315.0,985.4,39.798
320.0,985.4,38.86
325.0,985.4,36.399
330.0,985.4,35.45
335.0,985.4,35.129
340.0,985.4,33.996
345.0,985.4,34.48
350.0,985.4,33.954
355.0,985.4,34.577
360.0,985.4,34.369
365.0,985.4,34.094
370.0,985.4,34.047
375.0,985.4,34.201
380.0,985.4,33.632
385.0,985.4,33.192
390.0,985.4,33.322
395.0,985.4,33.388
400.0,985.4,33.284
405.0,985.4,33.132
410.0,985.4,32.817
415.0,985.4,33.07
420.0,985.4,33.769
425.0,985.4,33.807
430.0,985.4,33.459
435.0,985.4,33.815
440.0,985.4,33.96
445.0,985.4,34.191
450.0,985.4,34.893
455.0,985.4,35.268
460.0,985.4,36.095
465.0,985.4,36.541
470.0,985.4,36.705
475.0,985.4,37.109
480.0,985.4,37.053
485.0,985.4,36.681
490.0,985.4,36.663
495.0,985.4,36.981
500.0,985.4,36.214
505.0,985.4,36.372
510.0,985.4,35.901
515.0,985.4,35.915
520.0,985.4,36.09
525.0,985.4,35.5
530.0,985.4,34.888
535.0,985.4,34.915
540.0,985.4,34.899
545.0,985.4,34.577
550.0,985.4,35.592
555.0,985.4,35.941
560.0,985.4,36.943
565.0,985.4,37.058
570.0,985.4,37.481
575.0,985.4,37.993
580.0,985.4,37.214
585.0,985.4,36.731
590.0,985.4,36.345
595.0,985.4,36.54
600.0,985.4,36.268
605.0,985.4,35.965
610.0,985.4,35.9
615.0,985.4,36.427
620.0,985.4,36.976
625.0,985.4,37.101
630.0,985.4,37.339
635.0,985.4,36.675
640.0,985.4,36.666
645.0,985.4,36.218
650.0,985.4,36.276
655.0,985.4,37.14
660.0,985.4,37.325
665.0,985.4,37.683
670.0,985.4,38.119
675.0,985.4,38.347
680.0,985.4,37.609
685.0,985.4,39.043
690.0,985.4,39.381
695.0,985.4,39.536
700.0,985.4,39.632
705.0,985.4,39.161
710.0,985.4,40.257
715.0,985.4,40.156
720.0,985.4,40.197
725.0,985.4,40.086
730.0,985.4,40.481
735.0,985.4,38.538
740.0,985.4,37.808
745.0,985.4,37.249
750.0,985.4,37.353
755.0,985.4,37.649
760.0,985.4,36.638
765.0,985.4,37.402
770.0,985.4,37.448
775.0,985.4,37.407
780.0,985.4,36.434
785.0,985.4,36.706
790.0,985.4,36.9
800.0,985.4,37.025
805.0,985.4,36.933
810.0,985.4,37.697
815.0,985.4,37.171
820.0,985.4,37.716
825.0,985.4,37.481
830.0,985.4,37.464
835.0,985.4,37.592
840.0,985.4,36.633
850.0,985.4,35.191
855.0,985.4,34.662
860.0,985.4,33.617
865.0,986.11,33.158
870.0,986.8199999999999,31.619
875.0,987.53,30.057
880.0,988.24,28.994
885.0,988.9499999999999,27.361
890.0,989.66,27.197
900.0,991.0799999999999,27.873
905.0,991.79,28.173
910.0,992.5,28.043
915.0,993.2099999999999,27.744
920.0,993.92,28.038
925.0,994.63,27.482
930.0,995.34,26.41
935.0,996.05,26.076
940.0,996.76,24.386
950.0,998.18,22.408
955.0,998.89,21.544
960.0,999.6,21.221
965.0,1000.3100000000001,20.58
970.0,1001.0199999999999,20.372
92.5,1050.84,160.051
107.5,1047.6449999999998,144.06
112.5,1045.5149999999999,147.051
117.5,1043.385,133.091
122.5,1041.2549999999999,132.335
127.5,1039.1249999999998,138.587
132.5,1036.995,155.851
147.5,1030.6049999999998,140.366
162.5,1024.84,145.533
167.5,1023.7900000000001,138.251
172.5,1021.6899999999999,149.829
177.5,1019.59,150.998
182.5,1017.4900000000001,146.422
187.5,1015.39,128.652
202.5,1009.09,128.574
207.5,1006.9900000000001,127.506
217.5,1002.7900000000001,107.16
222.5,1000.6899999999999,111.383
227.5,998.59,96.728
232.5,996.4900000000001,91.207
237.5,994.39,93.946
242.5,992.2900000000001,103.431
257.5,985.9900000000001,78.019
262.5,983.89,74.602
272.5,982.84,66.487
277.5,982.84,57.631
282.5,982.84,57.904
287.5,982.84,53.067
292.5,982.84,51.673
297.5,982.84,45.663
302.5,982.84,43.938
307.5,982.84,41.258
312.5,982.84,39.735
317.5,982.84,38.205
322.5,982.84,38.248
327.5,982.84,36.055
332.5,982.84,35.282
337.5,982.84,34.129
342.5,982.84,33.97
347.5,982.84,32.966
352.5,982.84,33.837
357.5,982.84,33.973
362.5,982.84,34.159
367.5,982.84,32.615
372.5,982.84,33.653
377.5,982.84,32.913
382.5,982.84,32.819
387.5,982.84,32.772
392.5,982.84,32.748
397.5,982.84,32.766
402.5,982.84,32.544
407.5,982.84,32.3
412.5,982.84,32.051
417.5,982.84,31.23
422.5,982.84,32.884
427.5,982.84,31.898
432.5,982.84,32.411
437.5,982.84,33.204
442.5,982.84,33.681
447.5,982.84,34.317
452.5,982.84,34.41
457.5,982.84,35.263
462.5,982.84,35.736
467.5,982.84,35.526
472.5,982.84,36.886
477.5,982.84,35.519
482.5,982.84,36.154
487.5,982.84,36.295
492.5,982.84,35.845
497.5,982.84,35.683
502.5,982.84,35.131
507.5,982.84,35.683
512.5,982.84,35.161
517.5,982.84,34.45
522.5,982.84,35.236
527.5,982.84,34.013
532.5,982.84,34.502
537.5,982.84,34.227
542.5,982.84,33.98
547.5,982.84,34.614
552.5,982.84,35.288
557.5,982.84,36.252
562.5,982.84,36.181
567.5,982.84,36.288
572.5,982.84,37.283
577.5,982.84,36.625
582.5,982.84,36.546
587.5,982.84,36.298
592.5,982.84,36.417
597.5,982.84,36.488
602.5,982.84,36.225
607.5,982.84,36.041
612.5,982.84,36.315
617.5,982.84,36.444
622.5,982.84,37.575
627.5,982.84,36.461
632.5,982.84,36.12
637.5,982.84,36.584
642.5,982.84,36.837
647.5,982.84,36.578
652.5,982.84,36.507
657.5,982.84,36.898
662.5,982.84,37.825
667.5,982.84,37.169
672.5,982.84,37.869
677.5,982.84,37.327
682.5,982.84,38.584
687.5,982.84,39.355
692.5,982.84,39.297
697.5,982.84,38.889
702.5,982.84,39.231
707.5,982.84,39.604
712.5,982.84,39.641
717.5,982.84,37.97
722.5,982.84,39.597
727.5,982.84,39.057
732.5,982.84,39.143
737.5,982.84,38.097
742.5,982.84,37.639
747.5,982.84,37.038
752.5,982.84,36.782
757.5,982.84,36.784
762.5,982.84,35.998
767.5,982.84,34.907
772.5,982.84,36.584
777.5,982.84,34.475
782.5,982.84,34.497
792.5,982.84,36.27
797.5,982.84,35.816
802.5,982.84,36.097
807.5,982.84,36.384
812.5,982.84,36.322
817.5,982.84,36.875
822.5,982.84,37.944
827.5,982.84,36.239
832.5,982.84,36.928
837.5,982.84,36.373
847.5,982.84,33.586
852.5,982.84,33.691
857.5,982.84,32.987
862.5,983.195,31.855
867.5,983.9050000000001,30.759
872.5,984.615,30.174
877.5,985.325,28.234
882.5,986.035,28.078
887.5,986.745,27.149
892.5,987.455,26.871
902.5,988.875,27.927
907.5,989.585,27.445
912.5,990.295,27.075
917.5,991.005,26.257
922.5,991.715,26.059
927.5,992.4250000000001,24.617
932.5,993.1350000000001,24.223
937.5,993.845,23.668
942.5,994.5550000000001,22.998
947.5,995.265,22.234
957.5,996.6850000000001,20.464
962.5,997.3950000000001,20.047
90.0,1048.28,160.449
105.0,1046.1499999999999,152.757
110.0,1044.02,145.155
115.0,1041.8899999999999,136.053
120.0,1039.76,130.908
125.0,1037.6299999999999,139.13
130.0,1035.5,151.275
145.0,1029.11,137.578
150.0,1026.98,136.511
165.0,1022.28,136.76
170.0,1020.1800000000001,142.049
175.0,1018.0799999999999,148.478
180.0,1015.98,150.204
185.0,1013.8799999999999,142.402
190.0,1011.78,128.146
205.0,1005.48,126.905
210.0,1003.3799999999999,124.629
220.0,999.1800000000001,104.57
225.0,997.0799999999999,107.58
230.0,994.98,97.027
235.0,992.88,88.146
240.0,990.78,84.847
245.0,988.68,87.468
250.0,986.5799999999999,91.193
265.0,980.28,68.606
270.0,980.28,63.994
280.0,980.28,57.023
285.0,980.28,51.914
290.0,980.28,50.972
295.0,980.28,49.736
300.0,980.28,44.314
305.0,980.28,42.765
310.0,980.28,40.068
315.0,980.28,39.374
320.0,980.28,38.452
325.0,980.28,37.743
330.0,980.28,35.66
335.0,980.28,34.6
340.0,980.28,34.226
345.0,980.28,33.61
350.0,980.28,33.329
355.0,980.28,33.056
360.0,980.28,33.059
365.0,980.28,32.555
370.0,980.28,33.651
375.0,980.28,33.291
380.0,980.28,32.193
385.0,980.28,31.809
390.0,980.28,32.472
395.0,980.28,32.449
400.0,980.28,32.072
405.0,980.28,32.022
410.0,980.28,31.033
415.0,980.28,30.538
420.0,980.28,31.807
425.0,980.28,32.007
430.0,980.28,31.3
435.0,980.28,31.922
440.0,980.28,33.076
445.0,980.28,33.858
450.0,980.28,34.063
455.0,980.28,34.525
460.0,980.28,34.504
465.0,980.28,34.492
470.0,980.28,36.047
475.0,980.28,36.432
480.0,980.28,35.141
485.0,980.28,34.883
490.0,980.28,35.644
495.0,980.28,34.951
500.0,980.28,34.787
505.0,980.28,34.577
510.0,980.28,34.101
515.0,980.28,33.818
520.0,980.28,34.614
525.0,980.28,34.915
530.0,980.28,33.393
535.0,980.28,33.044
540.0,980.28,33.985
545.0,980.28,34.339
550.0,980.28,34.3
555.0,980.28,35.3
560.0,980.28,34.963
565.0,980.28,35.316
570.0,980.28,36.721
575.0,980.28,36.943
580.0,980.28,35.826
585.0,980.28,35.651
590.0,980.28,36.443
595.0,980.28,36.78
600.0,980.28,36.597
605.0,980.28,36.577
610.0,980.28,36.62
615.0,980.28,36.387
620.0,980.28,37.353
625.0,980.28,37.391
630.0,980.28,35.748
635.0,980.28,36.107
640.0,980.28,37.094
645.0,980.28,36.787
650.0,980.28,36.92
655.0,980.28,36.87
660.0,980.28,36.767
665.0,980.28,36.567
670.0,980.28,37.673
675.0,980.28,38.12
680.0,980.28,37.752
685.0,980.28,38.18
690.0,980.28,39.614
695.0,980.28,39.135
700.0,980.28,38.635
705.0,980.28,39.286
710.0,980.28,38.01
715.0,980.28,37.802
720.0,980.28,38.352
725.0,980.28,38.995
730.0,980.28,37.749
735.0,980.28,37.857
740.0,980.28,37.905
745.0,980.28,36.912
750.0,980.28,36.146
755.0,980.28,35.709
760.0,980.28,34.864
765.0,980.28,34.09
770.0,980.28,34.624
775.0,980.28,34.505
785.0,980.28,33.383
790.0,980.28,34.325
795.0,980.28,33.985
800.0,980.28,34.353
805.0,980.28,35.329
810.0,980.28,35.059
815.0,980.28,35.884
820.0,980.28,37.167
825.0,980.28,37.019
830.0,980.28,35.76
835.0,980.28,34.94
845.0,980.28,33.387
850.0,980.28,32.352
855.0,980.28,32.325
860.0,980.28,31.337
865.0,980.99,30.353
870.0,981.6999999999999,30.774
875.0,982.41,29.34
880.0,983.12,27.411
885.0,983.8299999999999,27.332
890.0,984.54,27.017
895.0,985.25,26.498
905.0,986.67,27.338
910.0,987.38,26.508
915.0,988.0899999999999,25.351
920.0,988.8,25.02
925.0,989.51,24.112
930.0,990.22,22.174
935.0,990.93,22.253
940.0,991.64,22.632
945.0,992.35,21.657
950.0,993.06,21.352
955.0,993.77,20.919
97.5,1045.72,152.332
107.5,1042.5249999999999,148.234
112.5,1040.395,139.79
117.5,1038.265,134.582
122.5,1036.135,137.273
127.5,1034.0049999999999,149.459
142.5,1027.615,131.014
147.5,1025.485,135.326
157.5,1021.0049999999999,141.4
162.5,1019.72,137.154
172.5,1016.5699999999999,142.043
177.5,1014.47,146.904
182.5,1012.3700000000001,149.392
187.5,1010.27,145.046
192.5,1008.1700000000001,129.521
207.5,1001.8700000000001,127.291
212.5,999.77,122.696
222.5,995.5699999999999,102.518
227.5,993.47,104.696
232.5,991.3700000000001,93.994
237.5,989.27,89.764
242.5,987.1700000000001,82.638
247.5,985.0699999999999,78.58
252.5,982.97,77.432
257.5,980.8700000000001,78.775
272.5,977.72,59.726
277.5,977.72,55.91
287.5,977.72,51.523
292.5,977.72,46.315
297.5,977.72,47.919
302.5,977.72,43.111
307.5,977.72,41.655
312.5,977.72,39.271
317.5,977.72,39.462
322.5,977.72,38.947
327.5,977.72,37.215
332.5,977.72,35.008
337.5,977.72,34.748
342.5,977.72,34.097
347.5,977.72,33.907
352.5,977.72,32.631
357.5,977.72,32.55
362.5,977.72,32.039
367.5,977.72,33.403
372.5,977.72,33.038
377.5,977.72,32.811
382.5,977.72,32.061
387.5,977.72,31.586
392.5,977.72,31.619
397.5,977.72,32.118
402.5,977.72,31.003
407.5,977.72,30.709
412.5,977.72,30.562
417.5,977.72,31.618
422.5,977.72,31.439
427.5,977.72,31.846
432.5,977.72,31.595
437.5,977.72,31.971
442.5,977.72,32.978
447.5,977.72,33.546
452.5,977.72,33.734
457.5,977.72,33.709
462.5,977.72,33.857
467.5,977.72,35.388
472.5,977.72,35.752
477.5,977.72,35.602
482.5,977.72,34.603
487.5,977.72,34.41
492.5,977.72,34.12
497.5,977.72,34.421
502.5,977.72,33.836
507.5,977.72,33.17
512.5,977.72,33.532
517.5,977.72,34.071
522.5,977.72,34.281
527.5,977.72,34.276
532.5,977.72,33.124
537.5,977.72,32.897
542.5,977.72,33.281
547.5,977.72,34.113
552.5,977.72,33.899
557.5,977.72,33.999
562.5,977.72,34.784
567.5,977.72,35.757
572.5,977.72,36.276
577.5,977.72,36.283
582.5,977.72,35.755
587.5,977.72,35.91
592.5,977.72,35.985
597.5,977.72,36.921
602.5,977.72,36.845
607.5,977.72,36.887
612.5,977.72,36.879
617.5,977.72,37.378
622.5,977.72,37.466
627.5,977.72,37.149
632.5,977.72,36.69
637.5,977.72,36.385
642.5,977.72,36.407
647.5,977.72,37.29
652.5,977.72,36.454
657.5,977.72,36.271
662.5,977.72,36.415
667.5,977.72,37.522
672.5,977.72,37.571
677.5,977.72,38.425
682.5,977.72,38.355
687.5,977.72,38.492
692.5,977.72,38.638
697.5,977.72,38.656
702.5,977.72,37.969
707.5,977.72,37.754
712.5,977.72,36.936
717.5,977.72,38.101
722.5,977.72,38.083
727.5,977.72,38.035
732.5,977.72,37.056
737.5,977.72,36.935
742.5,977.72,36.288
747.5,977.72,35.614
752.5,977.72,34.111
757.5,977.72,33.792
762.5,977.72,33.514
767.5,977.72,33.915
777.5,977.72,34.442
782.5,977.72,33.04
787.5,977.72,32.548
792.5,977.72,32.266
797.5,977.72,33.091
802.5,977.72,32.881
807.5,977.72,33.471
812.5,977.72,34.877
817.5,977.72,36.126
822.5,977.72,35.826
827.5,977.72,35.957
832.5,977.72,34.192
842.5,977.72,31.721
847.5,977.72,32.118
852.5,977.72,31.381
857.5,977.72,31.191
862.5,978.075,30.776
867.5,978.7850000000001,30.566
872.5,979.495,30.273
877.5,980.205,28.894
882.5,980.915,27.519
887.5,981.625,27
892.5,982.335,26.013
897.5,983.0450000000001,26.549
907.5,984.465,26.178
912.5,985.175,25.136
917.5,985.885,24.433
922.5,986.595,23.096
927.5,987.3050000000001,22.524
932.5,988.0150000000001,21.473
937.5,988.725,20.844
942.5,989.4350000000001,21.092
947.5,990.145,20.805
110.0,1038.9,143.766
115.0,1036.77,137.384
120.0,1034.64,139.837
125.0,1032.51,149.97
140.0,1026.1200000000001,127.656
145.0,1023.9899999999999,131.101
155.0,1019.7299999999999,141.956
160.0,1017.16,138.549
165.0,1017.16,143.342
170.0,1015.0600000000001,144.25
180.0,1010.86,147.802
185.0,1008.7599999999999,151.995
190.0,1006.66,146.487
195.0,1004.5600000000001,129.67
210.0,998.2599999999999,130.046
215.0,996.16,123.335
225.0,991.9599999999999,101.709
230.0,989.86,102.44
235.0,987.76,92.887
240.0,985.66,87.348
245.0,983.56,82.764
250.0,981.4599999999999,75.968
255.0,979.36,69.443
260.0,977.26,68.326
265.0,975.16,74.211
280.0,975.16,52.543
285.0,975.16,49.081
295.0,975.16,45.856
300.0,975.16,43.792
305.0,975.16,42.183
310.0,975.16,41.144
315.0,975.16,39.43
320.0,975.16,38.826
325.0,975.16,38.393
330.0,975.16,37.605
335.0,975.16,35.088
340.0,975.16,34.5
345.0,975.16,33.643
350.0,975.16,33.351
355.0,975.16,32.785
360.0,975.16,32.151
365.0,975.16,33.042
370.0,975.16,32.371
375.0,975.16,32.626
380.0,975.16,32.396
385.0,975.16,31.986
390.0,975.16,31.645
395.0,975.16,30.641
400.0,975.16,30.507
405.0,975.16,30.743
410.0,975.16,30.671
415.0,975.16,31.641
420.0,975.16,31.515
425.0,975.16,31.743
430.0,975.16,32.208
435.0,975.16,31.797
440.0,975.16,32.425
445.0,975.16,32.396
450.0,975.16,32.744
455.0,975.16,33.294
460.0,975.16,33.485
465.0,975.16,34.957
470.0,975.16,34.971
475.0,975.16,35.038
480.0,975.16,34.845
485.0,975.16,33.99
490.0,975.16,33.777
495.0,975.16,33.131
500.0,975.16,32.839
505.0,975.16,33.385
510.0,975.16,33.124
515.0,975.16,33.716
520.0,975.16,33.715
525.0,975.16,33.891
530.0,975.16,34.131
535.0,975.16,32.777
540.0,975.16,32.839
545.0,975.16,32.489
550.0,975.16,32.745
555.0,975.16,33.613
560.0,975.16,34.001
565.0,975.16,35.091
570.0,975.16,35.605
575.0,975.16,35.679
580.0,975.16,36.298
585.0,975.16,35.791
590.0,975.16,36.184
595.0,975.16,35.877
600.0,975.16,36.098
605.0,975.16,37.122
610.0,975.16,37.034
615.0,975.16,37.809
620.0,975.16,37.929
625.0,975.16,37.892
630.0,975.16,37.674
635.0,975.16,36.781
640.0,975.16,36.577
645.0,975.16,36.276
650.0,975.16,35.709
655.0,975.16,36.339
660.0,975.16,36.238
665.0,975.16,37.213
670.0,975.16,37.565
675.0,975.16,38.231
680.0,975.16,38.994
685.0,975.16,38.507
690.0,975.16,38.052
695.0,975.16,37.18
700.0,975.16,37.227
705.0,975.16,37.224
710.0,975.16,36.952
715.0,975.16,37.238
720.0,975.16,37.888
725.0,975.16,37.283
730.0,975.16,36.995
735.0,975.16,36.34
740.0,975.16,35.431
745.0,975.16,33.854
750.0,975.16,33.068
755.0,975.16,32.634
760.0,975.16,32.797
770.0,975.16,33.577
775.0,975.16,33.454
780.0,975.16,33.234
785.0,975.16,32.417
790.0,975.16,31.441
795.0,975.16,31.385
800.0,975.16,31.643
805.0,975.16,32.067
810.0,975.16,32.665
815.0,975.16,34.158
820.0,975.16,34.605
825.0,975.16,34.823
830.0,975.16,34.081
840.0,975.16,31.655
845.0,975.16,30.845
850.0,975.16,30.624
855.0,975.16,30.878
860.0,975.16,31.1
865.0,975.87,31.032
870.0,976.5799999999999,30.152
875.0,977.29,29.973
880.0,978.0,29.004
885.0,978.7099999999999,27.314
890.0,979.42,26.694
895.0,980.13,25.533
900.0,980.8399999999999,25.113
910.0,982.26,24.813
915.0,982.9699999999999,24.147
920.0,983.68,23.113
925.0,984.39,22.304
930.0,985.1,21.595
935.0,985.81,20.442
940.0,986.52,20.205
112.5,1035.2749999999999,134.26
117.5,1033.145,144.27
122.5,1031.0149999999999,152.255
137.5,1024.625,132.266
142.5,1022.495,130.501
152.5,1018.235,142.728
157.5,1015.8849999999999,137.384
162.5,1014.6,145.592
167.5,1013.5500000000001,145.757
172.5,1011.4499999999999,146.803
177.5,1009.35,146.969
187.5,1005.15,153.174
192.5,1003.0500000000001,145.548
197.5,1000.9499999999999,131.111
212.5,994.65,129.655
217.5,992.5500000000001,125.561
227.5,988.35,100.291
232.5,986.2500000000001,102.127
237.5,984.15,91.055
242.5,982.0500000000001,85.205
247.5,979.9499999999999,80.315
252.5,977.85,75.861
257.5,975.7500000000001,68.109
262.5,973.65,62.823
267.5,972.6,64.719
272.5,972.6,65.837
287.5,972.6,46.518
292.5,972.6,44.823
302.5,972.6,44.131
307.5,972.6,39.495
312.5,972.6,40.734
317.5,972.6,39.198
322.5,972.6,38.625
327.5,972.6,37.789
332.5,972.6,37.441
337.5,972.6,35.077
342.5,972.6,33.981
347.5,972.6,33.583
352.5,972.6,33.27
357.5,972.6,32.446
362.5,972.6,32.868
367.5,972.6,32.674
372.5,972.6,32.228
377.5,972.6,31.806
382.5,972.6,32.434
387.5,972.6,31.144
392.5,972.6,30.794
397.5,972.6,30.525
402.5,972.6,30.49
407.5,972.6,30.355
412.5,972.6,31.968
417.5,972.6,31.846
422.5,972.6,31.717
427.5,972.6,32.066
432.5,972.6,32.571
437.5,972.6,31.965
442.5,972.6,31.814
447.5,972.6,32.482
452.5,972.6,32.762
457.5,972.6,32.964
462.5,972.6,34.252
467.5,972.6,34.618
472.5,972.6,34.332
477.5,972.6,34.353
482.5,972.6,34.404
487.5,972.6,32.694
492.5,972.6,32.627
497.5,972.6,32.924
502.5,972.6,32.755
507.5,972.6,32.625
512.5,972.6,33.466
517.5,972.6,33.879
522.5,972.6,33.58
527.5,972.6,33.501
532.5,972.6,33.492
537.5,972.6,32.289
542.5,972.6,31.91
547.5,972.6,32.516
552.5,972.6,32.444
557.5,972.6,32.74
562.5,972.6,34.812
567.5,972.6,35.08
572.5,972.6,35.229
577.5,972.6,35.638
582.5,972.6,36.259
587.5,972.6,35.809
592.5,972.6,35.624
597.5,972.6,35.756
602.5,972.6,36.119
607.5,972.6,36.475
612.5,972.6,38.141
617.5,972.6,38.726
622.5,972.6,37.87
627.5,972.6,38.206
632.5,972.6,38.245
637.5,972.6,36.311
642.5,972.6,35.817
647.5,972.6,35.819
652.5,972.6,35.982
657.5,972.6,35.59
662.5,972.6,36.861
667.5,972.6,37.436
672.5,972.6,38.432
677.5,972.6,38.796
682.5,972.6,38.972
687.5,972.6,37.186
692.5,972.6,36.558
697.5,972.6,37.023
702.5,972.6,36.439
707.5,972.6,35.803
712.5,972.6,37.332
717.5,972.6,37.325
722.5,972.6,36.599
727.5,972.6,36.232
732.5,972.6,35.928
737.5,972.6,34.095
742.5,972.6,33.466
747.5,972.6,32.156
752.5,972.6,31.708
762.5,972.6,33.241
767.5,972.6,33.245
772.5,972.6,32.524
777.5,972.6,32.515
782.5,972.6,32.867
787.5,972.6,31.137
792.5,972.6,30.736
797.5,972.6,31.129
802.5,972.6,30.886
807.5,972.6,30.986
812.5,972.6,32.366
817.5,972.6,32.175
822.5,972.6,32.88
827.5,972.6,32.805
837.5,972.6,30.55
842.5,972.6,30.555
847.5,972.6,30.785
852.5,972.6,30.59
857.5,972.6,30.045
862.5,972.955,31.131
867.5,973.6650000000001,31.003
872.5,974.375,29.823
877.5,975.085,29.831
882.5,975.795,28.851
887.5,976.505,26.761
892.5,977.215,26.222
897.5,977.9250000000001,24.938
902.5,978.635,24.199
912.5,980.055,24.36
917.5,980.765,23.24
922.5,981.475,22.203
927.5,982.1850000000001,21.477
932.5,982.8950000000001,20.94
120.0,1029.52,146.624
135.0,1023.1299999999999,138.279
140.0,1021.0,136.06
150.0,1016.74,142.71
155.0,1014.6099999999999,140.482
160.0,1012.04,145.866
165.0,1012.04,146.483
170.0,1009.94,150.436
175.0,1007.8399999999999,149.429
180.0,1005.74,150.065
185.0,1003.6399999999999,153.87
195.0,999.44,147.421
200.0,997.3399999999999,133.594
215.0,991.04,129.46
220.0,988.94,125.136
230.0,984.74,101.832
235.0,982.64,100.432
240.0,980.54,90.12
245.0,978.4399999999999,83.793
250.0,976.3399999999999,78.439
255.0,974.24,74.171
260.0,972.14,68.824
265.0,970.04,61.628
270.0,970.04,59.208
275.0,970.04,58.297
280.0,970.04,57.106
295.0,970.04,43.318
300.0,970.04,41.412
310.0,970.04,40.323
315.0,970.04,38.735
320.0,970.04,38.646
325.0,970.04,38.308
330.0,970.04,37.292
335.0,970.04,36.501
340.0,970.04,34.974
345.0,970.04,34.524
350.0,970.04,33.377
355.0,970.04,32.67
360.0,970.04,33.034
365.0,970.04,32.61
370.0,970.04,32.336
375.0,970.04,32.11
380.0,970.04,31.479
385.0,970.04,31.159
390.0,970.04,31.044
395.0,970.04,30.675
400.0,970.04,30.737
405.0,970.04,30.826
410.0,970.04,31.741
415.0,970.04,31.692
420.0,970.04,32.071
425.0,970.04,32.172
430.0,970.04,32.003
435.0,970.04,32.445
440.0,970.04,31.948
445.0,970.04,32.332
450.0,970.04,32.731
455.0,970.04,32.688
460.0,970.04,33.806
465.0,970.04,33.651
470.0,970.04,33.931
475.0,970.04,33.919
480.0,970.04,33.427
485.0,970.04,33.071
490.0,970.04,32.367
495.0,970.04,32.524
500.0,970.04,32.57
505.0,970.04,32.615
510.0,970.04,33.308
515.0,970.04,33.226
520.0,970.04,33.685
525.0,970.04,33.334
530.0,970.04,32.58
535.0,970.04,32.697
540.0,970.04,31.919
545.0,970.04,32.034
550.0,970.04,32.079
555.0,970.04,32.562
560.0,970.04,33.467
565.0,970.04,34.205
570.0,970.04,34.976
575.0,970.04,35.313
580.0,970.04,35.454
585.0,970.04,35.928
590.0,970.04,35.255
595.0,970.04,35.306
600.0,970.04,35.591
605.0,970.04,36.37
610.0,970.04,37.765
615.0,970.04,37.849
620.0,970.04,38.358
625.0,970.04,38.533
630.0,970.04,37.974
635.0,970.04,37.119
640.0,970.04,36.342
645.0,970.04,35.717
650.0,970.04,35.797
655.0,970.04,35.699
660.0,970.04,36.451
665.0,970.04,36.745
670.0,970.04,38.045
675.0,970.04,38.728
680.0,970.04,38.135
685.0,970.04,37.683
690.0,970.04,36.443
695.0,970.04,36.392
700.0,970.04,36.164
705.0,970.04,35.77
710.0,970.04,36.15
715.0,970.04,36.226
720.0,970.04,36.123
725.0,970.04,35.502
730.0,970.04,34.26
735.0,970.04,33.903
740.0,970.04,32.583
745.0,970.04,32.16
755.0,970.04,31.355
760.0,970.04,31.72
765.0,970.04,31.664
770.0,970.04,32.276
775.0,970.04,32.039
780.0,970.04,31.559
785.0,970.04,31.701
790.0,970.04,31.027
795.0,970.04,30.349
800.0,970.04,30.265
805.0,970.04,30.45
810.0,970.04,30.683
815.0,970.04,30.321
820.0,970.04,30.955
825.0,970.04,31.013
835.0,970.04,31.019
840.0,970.04,30.49
845.0,970.04,30.481
850.0,970.04,30.298
855.0,970.04,30.444
860.0,970.04,30.501
865.0,970.75,30.256
870.0,971.4599999999999,30.289
875.0,972.17,30.023
880.0,972.88,29.285
885.0,973.5899999999999,28.023
890.0,974.3,26.522
895.0,975.01,25.586
900.0,975.7199999999999,24.228
905.0,976.43,23.558
915.0,977.8499999999999,23.003
920.0,978.56,22.472
925.0,979.27,21.498
132.5,1021.635,140.547
137.5,1019.5050000000001,142.895
147.5,1015.2449999999999,144.201
152.5,1013.115,143.207
157.5,1010.7649999999999,149.708
162.5,1009.48,149.716
167.5,1008.4300000000001,151.315
172.5,1006.3299999999999,150.257
177.5,1004.23,153.654
182.5,1002.1300000000001,153.198
187.5,1000.03,155.552
192.5,997.9300000000001,157.029
202.5,993.73,135.692
217.5,987.4300000000001,131.549
222.5,985.3299999999999,124.175
232.5,981.1300000000001,103.387
237.5,979.03,101.275
242.5,976.9300000000001,89.097
247.5,974.8299999999999,82.704
252.5,972.73,77.515
257.5,970.6300000000001,73.251
262.5,968.53,67.452
267.5,967.48,61.931
272.5,967.48,58.145
277.5,967.48,53.726
282.5,967.48,51.325
287.5,967.48,51.046
302.5,967.48,40.266
307.5,967.48,40.668
317.5,967.48,39.195
322.5,967.48,36.365
327.5,967.48,37.479
332.5,967.48,37.094
337.5,967.48,36.384
342.5,967.48,34.674
347.5,967.48,34.061
352.5,967.48,33.451
357.5,967.48,33.119
362.5,967.48,32.544
367.5,967.48,32.336
372.5,967.48,31.757
377.5,967.48,31.582
382.5,967.48,31.412
387.5,967.48,31.419
392.5,967.48,30.661
397.5,967.48,31.023
402.5,967.48,30.994
407.5,967.48,32.197
412.5,967.48,31.936
417.5,967.48,31.936
422.5,967.48,31.752
427.5,967.48,31.971
432.5,967.48,32.369
437.5,967.48,32.608
442.5,967.48,32.5
447.5,967.48,32.591
452.5,967.48,32.788
457.5,967.48,33.502
462.5,967.48,33.6
467.5,967.48,33.298
472.5,967.48,32.759
477.5,967.48,32.919
482.5,967.48,32.919
487.5,967.48,32.927
492.5,967.48,32.168
497.5,967.48,32.304
502.5,967.48,32.569
507.5,967.48,33.218
512.5,967.48,33.4
517.5,967.48,33.08
522.5,967.48,32.544
527.5,967.48,32.417
532.5,967.48,32.625
537.5,967.48,32.403
542.5,967.48,31.807
547.5,967.48,31.846
552.5,967.48,32.258
557.5,967.48,33.319
562.5,967.48,33.592
567.5,967.48,34.066
572.5,967.48,34.168
577.5,967.48,35.139
582.5,967.48,35.252
587.5,967.48,35.218
592.5,967.48,34.878
597.5,967.48,35.352
602.5,967.48,36.09
607.5,967.48,37.021
612.5,967.48,37.827
617.5,967.48,37.747
622.5,967.48,37.563
627.5,967.48,37.606
632.5,967.48,37.499
637.5,967.48,37.255
642.5,967.48,35.947
647.5,967.48,35.904
652.5,967.48,35.737
657.5,967.48,36.533
662.5,967.48,36.649
667.5,967.48,37.241
672.5,967.48,37.198
677.5,967.48,37.879
682.5,967.48,37.448
687.5,967.48,37.08
692.5,967.48,36.285
697.5,967.48,35.809
702.5,967.48,35.552
707.5,967.48,35.497
712.5,967.48,35.651
717.5,967.48,34.749
722.5,967.48,33.539
727.5,967.48,33.824
732.5,967.48,32.899
737.5,967.48,32.567
747.5,967.48,31.869
752.5,967.48,31.217
757.5,967.48,31.176
762.5,967.48,30.689
767.5,967.48,30.974
772.5,967.48,30.785
777.5,967.48,31.112
782.5,967.48,31.169
787.5,967.48,31.006
792.5,967.48,30.451
797.5,967.48,29.714
802.5,967.48,29.693
807.5,967.48,30.055
812.5,967.48,29.374
817.5,967.48,29.685
822.5,967.48,29.18
832.5,967.48,29.801
837.5,967.48,30.468
842.5,967.48,30.122
847.5,967.48,30.397
852.5,967.48,30.146
857.5,967.48,30.315
862.5,967.835,30.131
867.5,968.5450000000001,29.964
872.5,969.255,29.388
877.5,969.965,29.118
882.5,970.675,28.89
887.5,971.385,27.582
892.5,972.095,25.811
897.5,972.8050000000001,25.292
902.5,973.515,23.928
907.5,974.225,23.413
917.5,975.645,22.233
135.0,1018.0099999999999,138.965
145.0,1013.7499999999999,150.7
150.0,1011.62,145.829
155.0,1009.4899999999999,152.605
160.0,1006.92,154.439
165.0,1006.92,154.318
170.0,1004.82,153.267
175.0,1002.7199999999999,155.617
180.0,1000.62,154.952
185.0,998.5199999999999,156.036
190.0,996.42,158.096
195.0,994.32,160.613
200.0,992.2199999999999,153.211
220.0,983.82,131.093
225.0,981.7199999999999,126.558
235.0,977.52,103.489
240.0,975.42,102.589
245.0,973.3199999999999,89.503
250.0,971.2199999999999,82.104
255.0,969.12,77.371
260.0,967.02,72.624
265.0,964.92,66.182
270.0,964.92,60.7
275.0,964.92,58.583
280.0,964.92,53.237
285.0,964.92,47.972
290.0,964.92,46.505
295.0,964.92,46.193
310.0,964.92,39.939
315.0,964.92,37.319
325.0,964.92,36.94
330.0,964.92,35.833
335.0,964.92,36.603
340.0,964.92,36.088
345.0,964.92,34.373
350.0,964.92,33.444
355.0,964.92,33.633
360.0,964.92,33.338
365.0,964.92,31.743
370.0,964.92,31.545
375.0,964.92,31.771
380.0,964.92,31.738
385.0,964.92,31.589
390.0,964.92,31.599
395.0,964.92,31.272
400.0,964.92,30.91
405.0,964.92,32.267
410.0,964.92,32.219
415.0,964.92,31.931
420.0,964.92,31.875
425.0,964.92,31.899
430.0,964.92,32.203
435.0,964.92,32.66
440.0,964.92,33.06
445.0,964.92,32.699
450.0,964.92,32.539
455.0,964.92,33.714
460.0,964.92,33.587
465.0,964.92,32.791
470.0,964.92,32.492
475.0,964.92,32.6
480.0,964.92,32.391
485.0,964.92,32.594
490.0,964.92,32.798
495.0,964.92,32.221
500.0,964.92,32.404
505.0,964.92,33.056
510.0,964.92,33.132
515.0,964.92,32.725
520.0,964.92,32.332
525.0,964.92,32.342
530.0,964.92,32.052
535.0,964.92,32.32
540.0,964.92,32.715
545.0,964.92,31.714
550.0,964.92,32.017
555.0,964.92,32.964
560.0,964.92,33.5
565.0,964.92,33.256
570.0,964.92,33.736
575.0,964.92,33.96
580.0,964.92,34.126
585.0,964.92,34.798
590.0,964.92,35.138
595.0,964.92,35.2
600.0,964.92,35.404
605.0,964.92,36.5
610.0,964.92,37.36
615.0,964.92,36.891
620.0,964.92,36.927
625.0,964.92,37.157
630.0,964.92,36.682
635.0,964.92,37.236
640.0,964.92,36.9
645.0,964.92,36.166
650.0,964.92,35.849
655.0,964.92,36.628
660.0,964.92,36.581
665.0,964.92,36.41
670.0,964.92,36.747
675.0,964.92,37.015
680.0,964.92,36.856
685.0,964.92,36.692
690.0,964.92,36.969
695.0,964.92,35.905
700.0,964.92,34.816
705.0,964.92,35.365
710.0,964.92,34.72
715.0,964.92,33.28
720.0,964.92,33.016
725.0,964.92,32.231
730.0,964.92,32.044
740.0,964.92,32.271
745.0,964.92,31.356
750.0,964.92,31.02
755.0,964.92,31.07
760.0,964.92,30.604
765.0,964.92,29.895
770.0,964.92,29.949
775.0,964.92,30.387
780.0,964.92,29.828
785.0,964.92,30.271
790.0,964.92,30.703
795.0,964.92,29.326
800.0,964.92,29.079
805.0,964.92,29.46
810.0,964.92,29.13
815.0,964.92,28.826
820.0,964.92,28.732
830.0,964.92,28.773
835.0,964.92,29.571
840.0,964.92,29.931
845.0,964.92,29.643
850.0,964.92,29.862
855.0,964.92,30.223
860.0,964.92,29.94
865.0,965.63,29.119
870.0,966.3399999999999,29.481
875.0,967.05,28.983
880.0,967.76,27.956
885.0,968.4699999999999,28.171
890.0,969.18,27.416
895.0,969.89,25.695
900.0,970.5999999999999,24.809
905.0,971.31,23.85
910.0,972.02,22.848
142.5,1012.255,150.681
147.5,1010.1249999999999,152.452
152.5,1007.995,154.545
157.5,1005.6449999999999,157.221
162.5,1004.36,158.686
167.5,1003.3100000000001,158.064
172.5,1001.2099999999999,159.193
177.5,999.11,158.787
182.5,997.0100000000001,158.19
187.5,994.91,157.021
192.5,992.8100000000001,162.714
197.5,990.7099999999999,162.674
202.5,988.61,155.757
207.5,986.5100000000001,139.857
222.5,980.2099999999999,132.915
227.5,978.11,126.72
237.5,973.91,103.351
242.5,971.8100000000001,102.08
247.5,969.7099999999999,91.007
252.5,967.61,83.387
257.5,965.5100000000001,76.802
262.5,963.41,71.815
267.5,962.36,65.789
272.5,962.36,60.143
277.5,962.36,57.787
282.5,962.36,53.436
287.5,962.36,47.788
292.5,962.36,44.193
297.5,962.36,42.788
302.5,962.36,44.007
317.5,962.36,36.656
322.5,962.36,36.338
332.5,962.36,36.096
337.5,962.36,35.097
342.5,962.36,35.441
347.5,962.36,33.832
352.5,962.36,33.833
357.5,962.36,32.783
362.5,962.36,32.335
367.5,962.36,32.065
372.5,962.36,31.659
377.5,962.36,31.8
382.5,962.36,31.965
387.5,962.36,31.922
392.5,962.36,31.983
397.5,962.36,31.51
402.5,962.36,32.299
407.5,962.36,31.7
412.5,962.36,32.029
417.5,962.36,32.022
422.5,962.36,32.313
427.5,962.36,32.575
432.5,962.36,32.366
437.5,962.36,32.769
442.5,962.36,33.178
447.5,962.36,32.741
452.5,962.36,33.531
457.5,962.36,33.212
462.5,962.36,32.921
467.5,962.36,32.775
472.5,962.36,32.552
477.5,962.36,32.303
482.5,962.36,32.262
487.5,962.36,32.472
492.5,962.36,32.806
497.5,962.36,32.245
502.5,962.36,32.829
507.5,962.36,32.609
512.5,962.36,32.436
517.5,962.36,32.471
522.5,962.36,32.064
527.5,962.36,32.291
532.5,962.36,32.15
537.5,962.36,32.221
542.5,962.36,32.72
547.5,962.36,32.095
552.5,962.36,32.785
557.5,962.36,32.863
562.5,962.36,32.966
567.5,962.36,33.02
572.5,962.36,33.352
577.5,962.36,33.622
582.5,962.36,33.876
587.5,962.36,34.346
592.5,962.36,35.267
597.5,962.36,35.155
602.5,962.36,36.098
607.5,962.36,36.157
612.5,962.36,35.908
617.5,962.36,36.608
622.5,962.36,36.559
627.5,962.36,36.474
632.5,962.36,36.426
637.5,962.36,36.347
642.5,962.36,36.96
647.5,962.36,36.074
652.5,962.36,36.434
657.5,962.36,36.005
662.5,962.36,36.448
667.5,962.36,36.447
672.5,962.36,36.563
677.5,962.36,36.361
682.5,962.36,36.337
687.5,962.36,36.281
692.5,962.36,35.969
697.5,962.36,34.934
702.5,962.36,34.508
707.5,962.36,33.776
712.5,962.36,32.779
717.5,962.36,31.953
722.5,962.36,31.785
732.5,962.36,31.552
737.5,962.36,31.125
742.5,962.36,31.397
747.5,962.36,30.78
752.5,962.36,31.058
757.5,962.36,30.157
762.5,962.36,29.843
767.5,962.36,29.604
772.5,962.36,29.483
777.5,962.36,29.303
782.5,962.36,29.118
787.5,962.36,29.113
792.5,962.36,29.434
797.5,962.36,28.958
802.5,962.36,28.777
807.5,962.36,28.617
812.5,962.36,28.88
817.5,962.36,28.574
827.5,962.36,28.424
832.5,962.36,28.891
837.5,962.36,29.088
842.5,962.36,29.587
847.5,962.36,28.886
852.5,962.36,29.538
857.5,962.36,29.277
862.5,962.715,29.135
867.5,963.4250000000001,28.763
872.5,964.135,28.562
877.5,964.845,28.314
882.5,965.555,27.893
887.5,966.265,27.534
892.5,966.975,26.946
897.5,967.6850000000001,25.456
902.5,968.395,24.685
150.0,1006.5,154.194
155.0,1004.3699999999999,158.588
160.0,1001.8,161.778
165.0,1001.8,163.068
170.0,999.7,163.465
175.0,997.5999999999999,163.352
180.0,995.5,162.726
185.0,993.3999999999999,160.932
190.0,991.3,161.765
195.0,989.2,162.933
200.0,987.0999999999999,165.897
205.0,985.0,156.679
210.0,982.8999999999999,141.961
225.0,976.5999999999999,133.585
230.0,974.5,127.734
240.0,970.3,104.61
245.0,968.1999999999999,102.29
250.0,966.0999999999999,91.318
255.0,964.0,84.506
260.0,961.9,77.485
265.0,959.8,71.643
270.0,959.8,65.543
275.0,959.8,59.795
280.0,959.8,57.109
285.0,959.8,53.063
290.0,959.8,48.367
295.0,959.8,44.265
300.0,959.8,41.063
305.0,959.8,40.961
310.0,959.8,41.14
325.0,959.8,35.628
330.0,959.8,34.716
340.0,959.8,35.149
345.0,959.8,33.871
350.0,959.8,33.523
355.0,959.8,33.053
360.0,959.8,32.462
365.0,959.8,32.219
370.0,959.8,32.061
375.0,959.8,32.306
380.0,959.8,32.062
385.0,959.8,32.062
390.0,959.8,32.195
395.0,959.8,32.251
400.0,959.8,32.415
405.0,959.8,31.954
410.0,959.8,31.968
415.0,959.8,32.047
420.0,959.8,32.494
425.0,959.8,32.686
430.0,959.8,32.795
435.0,959.8,32.748
440.0,959.8,32.907
445.0,959.8,33.015
450.0,959.8,33.198
455.0,959.8,33.12
460.0,959.8,33.158
465.0,959.8,32.976
470.0,959.8,32.841
475.0,959.8,32.436
480.0,959.8,32.416
485.0,959.8,32.515
490.0,959.8,32.48
495.0,959.8,32.512
500.0,959.8,32.227
505.0,959.8,32.361
510.0,959.8,32.515
515.0,959.8,32.248
520.0,959.8,32.159
525.0,959.8,32.219
530.0,959.8,32.276
535.0,959.8,32.516
540.0,959.8,32.393
545.0,959.8,32.657
550.0,959.8,32.689
555.0,959.8,32.72
560.0,959.8,32.448
565.0,959.8,32.5
570.0,959.8,32.675
575.0,959.8,33.305
580.0,959.8,33.594
585.0,959.8,33.722
590.0,959.8,34.281
595.0,959.8,34.859
600.0,959.8,35.415
605.0,959.8,35.34
610.0,959.8,35.328
615.0,959.8,35.781
620.0,959.8,35.966
625.0,959.8,35.946
630.0,959.8,36.145
635.0,959.8,36.028
640.0,959.8,36.305
645.0,959.8,36.029
650.0,959.8,35.898
655.0,959.8,35.825
660.0,959.8,36.205
665.0,959.8,36.428
670.0,959.8,36.378
675.0,959.8,36.094
680.0,959.8,35.908
685.0,959.8,35.825
690.0,959.8,35.442
695.0,959.8,34.458
700.0,959.8,33.648
705.0,959.8,33.19
710.0,959.8,32.375
715.0,959.8,31.645
725.0,959.8,31.373
730.0,959.8,30.824
735.0,959.8,30.665
740.0,959.8,30.322
745.0,959.8,30.458
750.0,959.8,30.507
755.0,959.8,30.348
760.0,959.8,29.883
765.0,959.8,29.253
770.0,959.8,28.967
775.0,959.8,28.8
780.0,959.8,28.545
785.0,959.8,28.238
790.0,959.8,28.076
795.0,959.8,28.577
800.0,959.8,28.569
805.0,959.8,28.366
810.0,959.8,28.625
815.0,959.8,28.719
825.0,959.8,28.303
830.0,959.8,28.642
835.0,959.8,28.784
840.0,959.8,28.945
845.0,959.8,28.814
850.0,959.8,28.505
855.0,959.8,28.375
860.0,959.8,28.269
865.0,960.51,28.397
870.0,961.2199999999999,28.161
875.0,961.93,28.186
880.0,962.64,28.005
885.0,963.3499999999999,27.65
890.0,964.06,27.374
895.0,964.77,26.112
157.5,1000.5249999999999,157.298
162.5,999.24,165.435
167.5,998.19,168.01
172.5,996.0899999999999,168.311
177.5,993.99,166.757
182.5,991.8900000000001,166.177
187.5,989.79,166.053
192.5,987.69,163.614
197.5,985.5899999999999,166.275
202.5,983.49,165.063
207.5,981.3900000000001,159.643
212.5,979.29,142.924
232.5,970.8900000000001,128.258
242.5,966.69,105.037
247.5,964.5899999999999,103.848
252.5,962.49,91.597
257.5,960.3900000000001,84.591
262.5,958.29,78.73
267.5,957.24,72.256
272.5,957.24,65.406
277.5,957.24,59.627
282.5,957.24,57.04
287.5,957.24,52.827
292.5,957.24,47.916
297.5,957.24,44.883
302.5,957.24,41.405
307.5,957.24,39.49
312.5,957.24,38.677
317.5,957.24,40.014
332.5,957.24,34.15
337.5,957.24,33.977
347.5,957.24,34.11
352.5,957.24,32.318
357.5,957.24,32.644
362.5,957.24,32.471
367.5,957.24,32.436
372.5,957.24,32.266
377.5,957.24,32.358
382.5,957.24,32.589
387.5,957.24,32.291
392.5,957.24,32.034
397.5,957.24,32.892
402.5,957.24,32.402
407.5,957.24,32.282
412.5,957.24,32.377
417.5,957.24,32.528
422.5,957.24,32.604
427.5,957.24,32.807
432.5,957.24,33.025
437.5,957.24,33.075
442.5,957.24,32.615
447.5,957.24,33.417
452.5,957.24,33.112
457.5,957.24,33.202
462.5,957.24,33.179
467.5,957.24,33.054
472.5,957.24,32.827
477.5,957.24,32.718
482.5,957.24,32.645
487.5,957.24,32.483
492.5,957.24,32.144
497.5,957.24,32.477
502.5,957.24,32.117
507.5,957.24,32.251
512.5,957.24,32.296
517.5,957.24,32.253
522.5,957.24,32.325
527.5,957.24,32.331
532.5,957.24,32.606
537.5,957.24,32.575
542.5,957.24,32.517
547.5,957.24,33.157
552.5,957.24,32.282
557.5,957.24,32.224
562.5,957.24,32.23
567.5,957.24,32.455
572.5,957.24,32.79
577.5,957.24,32.979
582.5,957.24,33.364
587.5,957.24,33.893
592.5,957.24,33.936
597.5,957.24,34.57
602.5,957.24,34.623
607.5,957.24,34.916
612.5,957.24,35.052
617.5,957.24,35.268
622.5,957.24,35.428
627.5,957.24,35.599
632.5,957.24,35.707
637.5,957.24,35.646
642.5,957.24,35.267
647.5,957.24,35.74
652.5,957.24,35.101
657.5,957.24,35.874
662.5,957.24,36.166
667.5,957.24,36.365
672.5,957.24,35.932
677.5,957.24,35.395
682.5,957.24,35.483
687.5,957.24,34.794
692.5,957.24,33.541
697.5,957.24,33.476
702.5,957.24,32.372
707.5,957.24,31.823
717.5,957.24,31.435
722.5,957.24,30.813
727.5,957.24,30.398
732.5,957.24,30.035
737.5,957.24,29.993
742.5,957.24,29.643
747.5,957.24,30.133
752.5,957.24,29.735
757.5,957.24,29.825
762.5,957.24,29.278
767.5,957.24,28.78
772.5,957.24,28.057
777.5,957.24,27.976
782.5,957.24,28.021
787.5,957.24,27.55
792.5,957.24,27.578
797.5,957.24,28.412
802.5,957.24,28.03
807.5,957.24,28.376
812.5,957.24,28.658
822.5,957.24,28.304
827.5,957.24,28.489
832.5,957.24,28.563
837.5,957.24,28.733
842.5,957.24,28.342
847.5,957.24,28.551
852.5,957.24,27.512
857.5,957.24,27.512
862.5,957.595,27.416
867.5,958.3050000000001,27.737
872.5,959.015,27.697
877.5,959.725,28.07
882.5,960.435,27.768
887.5,961.145,27.14
165.0,996.68,164.495
170.0,994.58,172.026
175.0,992.4799999999999,171.073
180.0,990.38,170.638
185.0,988.2799999999999,170.496
190.0,986.18,168.552
195.0,984.08,167.559
200.0,981.9799999999999,167.42
205.0,979.88,168.212
210.0,977.7799999999999,158.577
215.0,975.68,146.216
230.0,969.38,136.516
245.0,963.0799999999999,106.502
250.0,960.9799999999999,104.354
255.0,958.88,92.745
260.0,956.78,84.751
265.0,954.68,78.853
270.0,954.68,73.434
275.0,954.68,65.952
280.0,954.68,59.764
285.0,954.68,56.796
290.0,954.68,52.586
295.0,954.68,48.195
300.0,954.68,44.983
305.0,954.68,41.93
310.0,954.68,39.509
315.0,954.68,37.485
320.0,954.68,37.774
325.0,954.68,37.119
340.0,954.68,32.917
345.0,954.68,33.172
355.0,954.68,32.522
360.0,954.68,31.913
365.0,954.68,32.551
370.0,954.68,32.643
375.0,954.68,32.408
380.0,954.68,32.417
385.0,954.68,32.418
390.0,954.68,32.431
395.0,954.68,32.861
400.0,954.68,32.887
405.0,954.68,32.704
410.0,954.68,32.611
415.0,954.68,32.729
420.0,954.68,32.86
425.0,954.68,32.864
430.0,954.68,32.912
435.0,954.68,32.866
440.0,954.68,32.65
445.0,954.68,33.621
450.0,954.68,33.72
455.0,954.68,33.096
460.0,954.68,33.007
465.0,954.68,33.406
470.0,954.68,33.165
475.0,954.68,32.945
480.0,954.68,32.78
485.0,954.68,32.392
490.0,954.68,32.182
495.0,954.68,32.635
500.0,954.68,32.637
505.0,954.68,32.036
510.0,954.68,32.133
515.0,954.68,32.252
520.0,954.68,32.535
525.0,954.68,32.516
530.0,954.68,32.67
535.0,954.68,32.526
540.0,954.68,32.512
545.0,954.68,32.902
550.0,954.68,32.898
555.0,954.68,31.962
560.0,954.68,31.895
565.0,954.68,32.449
570.0,954.68,32.48
575.0,954.68,32.44
580.0,954.68,32.933
585.0,954.68,33.035
590.0,954.68,33.191
595.0,954.68,34.109
600.0,954.68,34.508
605.0,954.68,33.963
610.0,954.68,34.183
615.0,954.68,34.834
620.0,954.68,34.835
625.0,954.68,35.098
630.0,954.68,34.967
635.0,954.68,34.755
640.0,954.68,34.631
645.0,954.68,35.151
650.0,954.68,35.293
655.0,954.68,35.063
660.0,954.68,35.347
665.0,954.68,36.01
670.0,954.68,35.56
675.0,954.68,35.202
680.0,954.68,34.74
685.0,954.68,33.894
690.0,954.68,33.228
695.0,954.68,32.863
700.0,954.68,32.601
710.0,954.68,31.161
715.0,954.68,31.194
720.0,954.68,30.547
725.0,954.68,30.072
730.0,954.68,29.84
735.0,954.68,29.239
740.0,954.68,29.338
745.0,954.68,29.655
750.0,954.68,29.605
755.0,954.68,29.019
760.0,954.68,28.85
765.0,954.68,28.597
770.0,954.68,27.954
775.0,954.68,27.426
780.0,954.68,27.553
785.0,954.68,27.346
790.0,954.68,27.484
795.0,954.68,27.973
800.0,954.68,28.22
805.0,954.68,28.093
810.0,954.68,27.898
820.0,954.68,28.348
825.0,954.68,28.184
830.0,954.68,28.459
835.0,954.68,28.309
840.0,954.68,28.156
845.0,954.68,28.26
850.0,954.68,27.822
855.0,954.68,26.912
860.0,954.68,26.932
865.0,955.39,27.108
870.0,956.0999999999999,27.092
875.0,956.81,27.298
880.0,957.52,27.592
172.5,990.9699999999999,168.724
177.5,988.87,173.923
182.5,986.7700000000001,174.237
187.5,984.67,173.596
192.5,982.57,172.058
197.5,980.4699999999999,169.484
202.5,978.37,170.893
207.5,976.2700000000001,168.731
212.5,974.17,161.964
217.5,972.07,145.731
232.5,965.7700000000001,137.633
237.5,963.67,130.751
247.5,959.4699999999999,107.312
252.5,957.37,105.013
257.5,955.2700000000001,93.177
262.5,953.17,85.926
267.5,952.12,79.083
272.5,952.12,73.483
277.5,952.12,66.829
282.5,952.12,60.19
287.5,952.12,56.981
292.5,952.12,52.994
297.5,952.12,48.429
302.5,952.12,44.89
307.5,952.12,41.864
312.5,952.12,40.035
317.5,952.12,37.549
322.5,952.12,36.682
327.5,952.12,35.085
332.5,952.12,35.648
347.5,952.12,32.824
352.5,952.12,32.566
362.5,952.12,32.451
367.5,952.12,31.972
372.5,952.12,32.598
377.5,952.12,32.299
382.5,952.12,32.248
387.5,952.12,32.357
392.5,952.12,33.246
397.5,952.12,33.311
402.5,952.12,33.034
407.5,952.12,32.868
412.5,952.12,32.821
417.5,952.12,33.1
422.5,952.12,33.118
427.5,952.12,32.82
432.5,952.12,32.875
437.5,952.12,32.756
442.5,952.12,33.691
447.5,952.12,33.697
452.5,952.12,33.796
457.5,952.12,33.319
462.5,952.12,33.289
467.5,952.12,33.134
472.5,952.12,33.171
477.5,952.12,32.746
482.5,952.12,32.431
487.5,952.12,32.491
492.5,952.12,32.786
497.5,952.12,32.81
502.5,952.12,32.817
507.5,952.12,32.181
512.5,952.12,32.264
517.5,952.12,32.413
522.5,952.12,32.663
527.5,952.12,32.711
532.5,952.12,32.519
537.5,952.12,32.477
542.5,952.12,32.776
547.5,952.12,32.672
552.5,952.12,32.662
557.5,952.12,32.14
562.5,952.12,31.969
567.5,952.12,32.049
572.5,952.12,32.422
577.5,952.12,32.14
582.5,952.12,32.299
587.5,952.12,32.745
592.5,952.12,33.538
597.5,952.12,33.903
602.5,952.12,33.899
607.5,952.12,33.862
612.5,952.12,33.949
617.5,952.12,33.9
622.5,952.12,34.526
627.5,952.12,34.049
632.5,952.12,34.084
637.5,952.12,34.054
642.5,952.12,34.449
647.5,952.12,34.688
652.5,952.12,35.12
657.5,952.12,34.921
662.5,952.12,34.792
667.5,952.12,34.706
672.5,952.12,34.538
677.5,952.12,33.874
682.5,952.12,33.353
687.5,952.12,32.657
692.5,952.12,32.779
702.5,952.12,32.078
707.5,952.12,31.052
712.5,952.12,30.414
717.5,952.12,30.125
722.5,952.12,29.863
727.5,952.12,29.289
732.5,952.12,29.202
737.5,952.12,29.02
742.5,952.12,29.207
747.5,952.12,28.978
752.5,952.12,28.951
757.5,952.12,28.332
762.5,952.12,28.054
767.5,952.12,27.448
772.5,952.12,27.455
777.5,952.12,27.154
782.5,952.12,27.147
787.5,952.12,27.579
792.5,952.12,27.89
797.5,952.12,28.048
802.5,952.12,28.425
807.5,952.12,27.933
817.5,952.12,27.674
822.5,952.12,28.19
827.5,952.12,28.064
832.5,952.12,27.916
837.5,952.12,27.898
842.5,952.12,28.015
847.5,952.12,27.647
852.5,952.12,27.52
857.5,952.12,26.8
862.5,952.475,26.78
867.5,953.1850000000001,26.512
872.5,953.895,26.874
180.0,985.26,171.669
185.0,983.1599999999999,176.647
190.0,981.06,176.468
195.0,978.96,174.306
200.0,976.8599999999999,172.42
205.0,974.76,172.162
210.0,972.6599999999999,172.504
215.0,970.56,162.798
220.0,968.46,148.301
235.0,962.1600000000001,138.703
240.0,960.06,132.521
255.0,953.76,105.72
260.0,951.6600000000001,93.954
265.0,949.56,86.354
270.0,949.56,79.72
275.0,949.56,73.533
280.0,949.56,67.107
285.0,949.56,61.234
290.0,949.56,57.871
295.0,949.56,53.218
300.0,949.56,48.541
305.0,949.56,44.967
310.0,949.56,41.893
315.0,949.56,40.089
320.0,949.56,37.742
325.0,949.56,36.534
330.0,949.56,34.157
335.0,949.56,34.04
340.0,949.56,34.567
355.0,949.56,32.469
360.0,949.56,31.77
370.0,949.56,32.186
375.0,949.56,31.684
380.0,949.56,32.19
385.0,949.56,32.396
390.0,949.56,33.291
395.0,949.56,33.19
400.0,949.56,33.321
405.0,949.56,33.486
410.0,949.56,33.045
415.0,949.56,33.145
420.0,949.56,32.888
425.0,949.56,33.098
435.0,949.56,33.114
440.0,949.56,33.788
445.0,949.56,33.609
450.0,949.56,33.878
455.0,949.56,33.925
460.0,949.56,33.529
465.0,949.56,33.184
470.0,949.56,32.837
475.0,949.56,32.659
480.0,949.56,32.831
485.0,949.56,32.616
490.0,949.56,32.971
495.0,949.56,33.122
500.0,949.56,33.089
505.0,949.56,33.095
510.0,949.56,32.385
515.0,949.56,32.653
520.0,949.56,32.468
525.0,949.56,32.593
530.0,949.56,32.512
535.0,949.56,32.381
540.0,949.56,32.83
545.0,949.56,32.764
550.0,949.56,32.684
555.0,949.56,32.536
560.0,949.56,32.011
565.0,949.56,32.094
570.0,949.56,31.687
575.0,949.56,31.467
580.0,949.56,32.014
585.0,949.56,32.389
590.0,949.56,32.966
595.0,949.56,33.346
600.0,949.56,33.431
605.0,949.56,33.843
610.0,949.56,33.598
615.0,949.56,33.394
620.0,949.56,33.093
625.0,949.56,33.048
630.0,949.56,33.661
635.0,949.56,33.449
640.0,949.56,33.883
645.0,949.56,34.014
650.0,949.56,34.483
655.0,949.56,34.603
660.0,949.56,34.237
665.0,949.56,33.698
670.0,949.56,33.03
675.0,949.56,32.918
680.0,949.56,32.706
685.0,949.56,32.275
695.0,949.56,32.627
700.0,949.56,31.951
705.0,949.56,31.253
710.0,949.56,30.389
715.0,949.56,29.813
720.0,949.56,29.328
725.0,949.56,28.861
730.0,949.56,28.908
735.0,949.56,28.769
740.0,949.56,28.848
745.0,949.56,28.702
750.0,949.56,28.259
755.0,949.56,28.181
760.0,949.56,27.625
765.0,949.56,27.486
770.0,949.56,26.916
775.0,949.56,26.922
780.0,949.56,27.099
785.0,949.56,27.541
790.0,949.56,28.042
795.0,949.56,27.932
800.0,949.56,28.264
805.0,949.56,28.411
815.0,949.56,27.247
820.0,949.56,27.349
825.0,949.56,27.471
830.0,949.56,27.602
835.0,949.56,27.573
840.0,949.56,27.552
845.0,949.56,27.686
850.0,949.56,27.499
855.0,949.56,27.399
860.0,949.56,26.734
865.0,950.27,26.506
187.5,979.55,173.528
192.5,977.45,177.93
197.5,975.3499999999999,176.604
202.5,973.25,174.121
207.5,971.1500000000001,175.494
212.5,969.05,173.755
217.5,966.95,165.588
222.5,964.8499999999999,149.05
237.5,958.55,141.026
242.5,956.45,133.341
252.5,952.25,109.604
262.5,948.05,94.322
267.5,947.0,86.659
272.5,947.0,80.216
277.5,947.0,74.479
282.5,947.0,67.4
287.5,947.0,61.7
292.5,947.0,58.888
297.5,947.0,53.745
302.5,947.0,48.63
307.5,947.0,45.233
312.5,947.0,41.818
317.5,947.0,39.855
322.5,947.0,37.923
327.5,947.0,37.023
332.5,947.0,34.337
337.5,947.0,33.86
342.5,947.0,33.447
347.5,947.0,34.142
362.5,947.0,31.587
367.5,947.0,31.439
382.5,947.0,31.746
387.5,947.0,33.063
392.5,947.0,33.287
397.5,947.0,33.237
402.5,947.0,33.395
407.5,947.0,33.616
412.5,947.0,33.312
417.5,947.0,32.908
422.5,947.0,33.208
427.5,947.0,33.463
432.5,947.0,33.36
437.5,947.0,34.061
442.5,947.0,34.071
447.5,947.0,33.949
452.5,947.0,33.704
457.5,947.0,33.982
462.5,947.0,33.018
467.5,947.0,32.884
472.5,947.0,32.995
477.5,947.0,32.769
482.5,947.0,32.699
487.5,947.0,33.283
492.5,947.0,33.36
497.5,947.0,33.429
502.5,947.0,33.329
507.5,947.0,33.356
512.5,947.0,32.686
517.5,947.0,32.629
522.5,947.0,32.623
527.5,947.0,32.362
532.5,947.0,32.3
537.5,947.0,32.862
542.5,947.0,33.047
547.5,947.0,32.604
552.5,947.0,32.475
557.5,947.0,32.637
562.5,947.0,31.702
567.5,947.0,31.31
572.5,947.0,31.451
577.5,947.0,31.639
582.5,947.0,31.66
587.5,947.0,32.712
592.5,947.0,33.074
597.5,947.0,32.985
602.5,947.0,33.307
607.5,947.0,33.437
612.5,947.0,32.649
617.5,947.0,32.609
622.5,947.0,32.453
627.5,947.0,32.624
632.5,947.0,32.577
637.5,947.0,33.474
642.5,947.0,33.52
647.5,947.0,33.538
652.5,947.0,33.938
657.5,947.0,33.677
662.5,947.0,32.549
667.5,947.0,32.133
672.5,947.0,32.058
677.5,947.0,31.851
687.5,947.0,32.284
692.5,947.0,32.254
697.5,947.0,31.713
702.5,947.0,31.196
707.5,947.0,30.86
712.5,947.0,29.636
717.5,947.0,29.07
722.5,947.0,28.954
727.5,947.0,28.39
732.5,947.0,28.095
737.5,947.0,28.571
742.5,947.0,28.18
747.5,947.0,28.042
752.5,947.0,27.68
757.5,947.0,27.688
762.5,947.0,27.066
767.5,947.0,27.091
772.5,947.0,27.118
777.5,947.0,26.858
782.5,947.0,27.086
787.5,947.0,27.994
792.5,947.0,28.224
797.5,947.0,28.142
802.5,947.0,28.122
812.5,947.0,27.332
817.5,947.0,26.976
822.5,947.0,27.023
827.5,947.0,26.986
832.5,947.0,26.784
837.5,947.0,27.415
842.5,947.0,27.474
847.5,947.0,27.289
852.5,947.0,27.432
857.5,947.0,27.33
195.0,973.8400000000001,174.419
200.0,971.74,177.633
205.0,969.6400000000001,176.64
210.0,967.54,177.034
215.0,965.44,176.289
220.0,963.3400000000001,166.787
225.0,961.24,151.408
240.0,954.94,140.448
245.0,952.8399999999999,135.025
255.0,948.6400000000001,110.505
260.0,946.54,107.517
270.0,944.44,87.288
275.0,944.44,80.818
280.0,944.44,74.826
285.0,944.44,68.482
290.0,944.44,62.104
295.0,944.44,59.03
300.0,944.44,54.554
305.0,944.44,48.98
310.0,944.44,45.169
315.0,944.44,42.105
320.0,944.44,40.254
325.0,944.44,38.098
330.0,944.44,37.209
335.0,944.44,35.4
340.0,944.44,34.231
345.0,944.44,32.864
350.0,944.44,33.164
355.0,944.44,33.735
370.0,944.44,31.426
375.0,944.44,31.477
385.0,944.44,32.792
395.0,944.44,33.201
400.0,944.44,33.446
405.0,944.44,33.258
410.0,944.44,33.511
415.0,944.44,33.402
420.0,944.44,33.606
425.0,944.44,33.457
430.0,944.44,33.549
435.0,944.44,34.327
440.0,944.44,34.411
445.0,944.44,34.2
450.0,944.44,33.905
455.0,944.44,33.585
460.0,944.44,33.223
465.0,944.44,33.093
470.0,944.44,32.956
475.0,944.44,33.08
480.0,944.44,33.065
485.0,944.44,33.348
490.0,944.44,33.496
495.0,944.44,33.672
500.0,944.44,33.708
505.0,944.44,33.399
510.0,944.44,33.457
515.0,944.44,32.749
520.0,944.44,32.734
525.0,944.44,32.495
530.0,944.44,32.547
535.0,944.44,33.034
540.0,944.44,32.742
545.0,944.44,32.741
550.0,944.44,32.653
555.0,944.44,32.247
560.0,944.44,31.981
565.0,944.44,31.375
570.0,944.44,31.248
575.0,944.44,31.381
580.0,944.44,31.615
585.0,944.44,32.199
590.0,944.44,32.566
595.0,944.44,32.762
600.0,944.44,32.921
605.0,944.44,32.55
610.0,944.44,32.464
615.0,944.44,32.189
620.0,944.44,32.017
625.0,944.44,32.028
630.0,944.44,32.086
635.0,944.44,32.566
640.0,944.44,32.395
645.0,944.44,33.191
650.0,944.44,32.879
655.0,944.44,32.478
660.0,944.44,32.164
665.0,944.44,31.251
670.0,944.44,31.286
680.0,944.44,31.276
685.0,944.44,31.369
690.0,944.44,31.198
695.0,944.44,31.345
700.0,944.44,31.143
705.0,944.44,30.54
710.0,944.44,30.109
715.0,944.44,29.354
720.0,944.44,28.577
725.0,944.44,28.353
730.0,944.44,27.946
735.0,944.44,27.822
740.0,944.44,27.606
745.0,944.44,27.546
750.0,944.44,27.584
755.0,944.44,27.315
760.0,944.44,27.356
765.0,944.44,27.069
770.0,944.44,27.289
775.0,944.44,27.037
780.0,944.44,27.241
785.0,944.44,27.504
790.0,944.44,27.714
795.0,944.44,28.329
800.0,944.44,28.139
810.0,944.44,27.657
815.0,944.44,27.136
820.0,944.44,26.781
825.0,944.44,26.669
830.0,944.44,26.659
835.0,944.44,26.773
840.0,944.44,26.818
845.0,944.44,27.084
850.0,944.44,27.336
202.5,968.13,174.35
207.5,966.0300000000001,177.688
212.5,963.93,178.967
217.5,961.83,177.669
222.5,959.7299999999999,168.604
227.5,957.63,152.628
242.5,951.33,142.255
247.5,949.2299999999999,134.132
257.5,945.0300000000001,111.215
262.5,942.93,108.35
267.5,941.88,96.069
277.5,941.88,81.349
282.5,941.88,75.618
287.5,941.88,68.927
292.5,941.88,62.881
297.5,941.88,59.044
302.5,941.88,54.565
307.5,941.88,49.794
312.5,941.88,45.838
317.5,941.88,42.564
322.5,941.88,40.646
327.5,941.88,38.476
332.5,941.88,37.888
337.5,941.88,35.715
342.5,941.88,34.717
347.5,941.88,33.133
352.5,941.88,32.572
357.5,941.88,32.814
362.5,941.88,33.417
377.5,941.88,31.458
382.5,941.88,32.096
392.5,941.88,32.811
397.5,941.88,32.512
402.5,941.88,33.178
407.5,941.88,33.617
412.5,941.88,33.738
417.5,941.88,33.674
422.5,941.88,33.772
427.5,941.88,33.942
432.5,941.88,34.504
437.5,941.88,34.443
442.5,941.88,34.368
447.5,941.88,33.906
452.5,941.88,33.645
457.5,941.88,33.456
462.5,941.88,33.414
467.5,941.88,32.922
472.5,941.88,33.195
477.5,941.88,33.261
482.5,941.88,33.801
487.5,941.88,33.789
492.5,941.88,33.792
497.5,941.88,33.57
502.5,941.88,33.647
507.5,941.88,33.548
512.5,941.88,33.352
517.5,941.88,32.852
522.5,941.88,32.862
527.5,941.88,32.929
532.5,941.88,33.094
537.5,941.88,33.02
542.5,941.88,32.745
547.5,941.88,32.311
552.5,941.88,32.06
557.5,941.88,32.046
562.5,941.88,31.882
567.5,941.88,31.173
572.5,941.88,31.269
577.5,941.88,31.455
582.5,941.88,32.077
587.5,941.88,32.307
592.5,941.88,32.271
597.5,941.88,32.021
602.5,941.88,32.253
607.5,941.88,32.085
612.5,941.88,32.054
617.5,941.88,31.562
622.5,941.88,31.657
627.5,941.88,31.562
632.5,941.88,31.793
637.5,941.88,31.962
642.5,941.88,31.866
647.5,941.88,31.556
652.5,941.88,31.776
657.5,941.88,31.312
662.5,941.88,31.019
672.5,941.88,30.701
677.5,941.88,30.577
682.5,941.88,30.664
687.5,941.88,30.706
692.5,941.88,30.453
697.5,941.88,30.116
702.5,941.88,30.427
707.5,941.88,30.153
712.5,941.88,29.584
717.5,941.88,28.711
722.5,941.88,28.202
727.5,941.88,27.812
732.5,941.88,27.605
737.5,941.88,27.252
742.5,941.88,27.195
747.5,941.88,26.868
752.5,941.88,27.288
757.5,941.88,27.279
762.5,941.88,27.476
767.5,941.88,27.335
772.5,941.88,27.29
777.5,941.88,27.397
782.5,941.88,27.56
787.5,941.88,27.548
792.5,941.88,27.79
797.5,941.88,27.732
807.5,941.88,27.472
812.5,941.88,27.429
817.5,941.88,26.873
822.5,941.88,26.626
827.5,941.88,26.632
832.5,941.88,26.701
837.5,941.88,26.48
842.5,941.88,26.48
210.0,962.4199999999998,173.955
215.0,960.3199999999999,179.534
220.0,958.22,178.918
225.0,956.1199999999999,170.024
230.0,954.02,154.83
245.0,947.72,142.369
250.0,945.6199999999999,135.791
260.0,941.4200000000001,112.405
265.0,939.3199999999999,108.88
270.0,939.3199999999999,96.901
275.0,939.3199999999999,88.863
285.0,939.3199999999999,76.267
290.0,939.3199999999999,69.224
295.0,939.3199999999999,62.971
300.0,939.3199999999999,59.849
305.0,939.3199999999999,54.994
310.0,939.3199999999999,50.213
315.0,939.3199999999999,46.824
320.0,939.3199999999999,43.274
325.0,939.3199999999999,41.012
330.0,939.3199999999999,39.282
335.0,939.3199999999999,38.309
340.0,939.3199999999999,35.766
345.0,939.3199999999999,34.87
350.0,939.3199999999999,33.701
355.0,939.3199999999999,33.074
360.0,939.3199999999999,32.53
365.0,939.3199999999999,32.609
370.0,939.3199999999999,32.638
385.0,939.3199999999999,32.038
390.0,939.3199999999999,31.802
405.0,939.3199999999999,33.062
410.0,939.3199999999999,33.642
415.0,939.3199999999999,34.066
420.0,939.3199999999999,34.003
425.0,939.3199999999999,33.977
430.0,939.3199999999999,34.665
435.0,939.3199999999999,34.796
440.0,939.3199999999999,34.113
445.0,939.3199999999999,33.91
450.0,939.3199999999999,33.959
455.0,939.3199999999999,33.57
460.0,939.3199999999999,33.497
465.0,939.3199999999999,33.614
470.0,939.3199999999999,33.254
475.0,939.3199999999999,33.264
480.0,939.3199999999999,33.954
485.0,939.3199999999999,34.116
490.0,939.3199999999999,33.969
495.0,939.3199999999999,33.784
500.0,939.3199999999999,33.513
505.0,939.3199999999999,33.462
510.0,939.3199999999999,33.49
515.0,939.3199999999999,33.652
520.0,939.3199999999999,33.124
525.0,939.3199999999999,33.037
530.0,939.3199999999999,33.443
535.0,939.3199999999999,33.362
540.0,939.3199999999999,32.71
545.0,939.3199999999999,32.209
550.0,939.3199999999999,32.197
555.0,939.3199999999999,31.947
560.0,939.3199999999999,31.764
565.0,939.3199999999999,31.753
570.0,939.3199999999999,31.353
575.0,939.3199999999999,31.369
580.0,939.3199999999999,31.92
585.0,939.3199999999999,32.07
590.0,939.3199999999999,31.561
595.0,939.3199999999999,31.818
600.0,939.3199999999999,31.782
605.0,939.3199999999999,31.543
610.0,939.3199999999999,31.733
615.0,939.3199999999999,31.65
620.0,939.3199999999999,31.28
625.0,939.3199999999999,30.907
630.0,939.3199999999999,31.287
635.0,939.3199999999999,31.089
640.0,939.3199999999999,30.906
645.0,939.3199999999999,30.869
650.0,939.3199999999999,30.679
655.0,939.3199999999999,30.345
665.0,939.3199999999999,30.75
670.0,939.3199999999999,30.081
675.0,939.3199999999999,29.724
680.0,939.3199999999999,30.014
685.0,939.3199999999999,30.172
690.0,939.3199999999999,29.669
695.0,939.3199999999999,29.612
700.0,939.3199999999999,29.725
705.0,939.3199999999999,29.41
710.0,939.3199999999999,29.416
715.0,939.3199999999999,29.052
720.0,939.3199999999999,28.138
725.0,939.3199999999999,27.595
730.0,939.3199999999999,27.676
735.0,939.3199999999999,27.211
740.0,939.3199999999999,26.859
745.0,939.3199999999999,26.942
750.0,939.3199999999999,26.955
755.0,939.3199999999999,27.037
760.0,939.3199999999999,27.325
765.0,939.3199999999999,27.718
770.0,939.3199999999999,27.444
775.0,939.3199999999999,27.641
780.0,939.3199999999999,27.699
785.0,939.3199999999999,27.588
790.0,939.3199999999999,27.413
795.0,939.3199999999999,27.516
805.0,939.3199999999999,26.971
810.0,939.3199999999999,27.229
815.0,939.3199999999999,27.459
820.0,939.3199999999999,26.848
825.0,939.3199999999999,26.484
830.0,939.3199999999999,26.685
835.0,939.3199999999999,26.584
217.5,956.71,175.27
222.5,954.6099999999999,179.494
227.5,952.51,171.619
232.5,950.4100000000001,155.788
247.5,944.1099999999999,144.16
252.5,942.01,135.957
262.5,937.81,111.951
267.5,936.76,110.038
272.5,936.76,97.396
277.5,936.76,89.91
282.5,936.76,82.951
292.5,936.76,69.738
297.5,936.76,63.659
302.5,936.76,60.352
307.5,936.76,55.875
312.5,936.76,50.851
317.5,936.76,47.255
322.5,936.76,44.026
327.5,936.76,42.039
332.5,936.76,39.575
337.5,936.76,38.399
342.5,936.76,36.188
347.5,936.76,35.284
352.5,936.76,34.207
357.5,936.76,33.63
362.5,936.76,32.921
367.5,936.76,32.287
372.5,936.76,31.934
377.5,936.76,33.062
392.5,936.76,31.959
397.5,936.76,32.262
407.5,936.76,33.464
412.5,936.76,33.554
417.5,936.76,34.296
422.5,936.76,34.141
427.5,936.76,34.652
432.5,936.76,34.403
437.5,936.76,34.317
442.5,936.76,34.295
447.5,936.76,33.965
452.5,936.76,33.713
457.5,936.76,33.718
462.5,936.76,33.72
467.5,936.76,33.904
472.5,936.76,33.521
477.5,936.76,34.027
482.5,936.76,33.951
487.5,936.76,34.138
492.5,936.76,33.859
497.5,936.76,33.657
502.5,936.76,33.587
507.5,936.76,33.573
512.5,936.76,33.745
517.5,936.76,33.704
522.5,936.76,33.253
527.5,936.76,33.712
532.5,936.76,33.314
537.5,936.76,32.828
542.5,936.76,32.633
547.5,936.76,32.322
552.5,936.76,32.127
557.5,936.76,31.806
562.5,936.76,31.659
567.5,936.76,31.885
572.5,936.76,31.467
577.5,936.76,31.784
582.5,936.76,31.541
587.5,936.76,31.396
592.5,936.76,31.407
597.5,936.76,31.509
602.5,936.76,31.335
607.5,936.76,31.367
612.5,936.76,31.112
617.5,936.76,31.162
622.5,936.76,30.72
627.5,936.76,30.538
632.5,936.76,30.069
637.5,936.76,30.225
642.5,936.76,30.185
647.5,936.76,30.108
662.5,936.76,29.897
667.5,936.76,29.943
672.5,936.76,29.249
677.5,936.76,29.363
682.5,936.76,29.314
687.5,936.76,29.17
692.5,936.76,29.182
697.5,936.76,28.951
702.5,936.76,28.933
707.5,936.76,28.773
712.5,936.76,28.311
717.5,936.76,28.331
722.5,936.76,27.657
727.5,936.76,27.511
732.5,936.76,27.268
737.5,936.76,27.091
742.5,936.76,26.935
747.5,936.76,27.047
752.5,936.76,26.987
757.5,936.76,27.176
762.5,936.76,27.34
767.5,936.76,27.684
772.5,936.76,27.698
777.5,936.76,28.022
782.5,936.76,27.602
787.5,936.76,27.446
792.5,936.76,27.222
802.5,936.76,27.004
807.5,936.76,26.882
812.5,936.76,26.973
817.5,936.76,27.35
822.5,936.76,26.834
827.5,936.76,26.573
225.0,951.0,175.325
230.0,948.9000000000001,171.763
235.0,946.8000000000001,156.778
250.0,940.5,144.665
255.0,938.4000000000001,137.353
265.0,934.2,113.153
270.0,934.2,109.59
275.0,934.2,98.513
280.0,934.2,90.313
285.0,934.2,83.73
290.0,934.2,77.502
300.0,934.2,64.349
305.0,934.2,61.092
310.0,934.2,56.497
315.0,934.2,51.604
320.0,934.2,47.679
325.0,934.2,44.691
330.0,934.2,42.622
340.0,934.2,38.928
345.0,934.2,36.751
350.0,934.2,35.82
355.0,934.2,34.537
360.0,934.2,33.959
365.0,934.2,33.447
370.0,934.2,32.711
375.0,934.2,32.036
380.0,934.2,32.127
385.0,934.2,32.764
400.0,934.2,32.536
405.0,934.2,32.893
415.0,934.2,34.021
420.0,934.2,33.855
425.0,934.2,34.437
430.0,934.2,34.382
435.0,934.2,34.356
440.0,934.2,34.241
445.0,934.2,34.19
450.0,934.2,34.141
455.0,934.2,33.835
460.0,934.2,33.882
465.0,934.2,33.946
470.0,934.2,34.165
475.0,934.2,34.047
480.0,934.2,34.1
485.0,934.2,34.07
490.0,934.2,33.768
495.0,934.2,33.754
500.0,934.2,33.792
505.0,934.2,33.898
510.0,934.2,33.832
515.0,934.2,33.718
520.0,934.2,33.819
525.0,934.2,33.578
530.0,934.2,33.341
535.0,934.2,33.147
540.0,934.2,32.893
545.0,934.2,32.677
550.0,934.2,32.382
555.0,934.2,32.144
560.0,934.2,31.896
565.0,934.2,31.856
570.0,934.2,31.813
575.0,934.2,31.465
580.0,934.2,31.471
585.0,934.2,31.236
590.0,934.2,31.253
595.0,934.2,31.147
600.0,934.2,31.136
605.0,934.2,31.113
610.0,934.2,30.77
615.0,934.2,30.766
620.0,934.2,30.236
625.0,934.2,29.926
630.0,934.2,29.666
635.0,934.2,29.49
640.0,934.2,29.58
650.0,934.2,29.709
655.0,934.2,29.478
660.0,934.2,29.279
665.0,934.2,29.16
675.0,934.2,28.834
680.0,934.2,28.767
685.0,934.2,28.711
690.0,934.2,28.511
695.0,934.2,28.399
700.0,934.2,28.3
705.0,934.2,28.072
710.0,934.2,27.954
715.0,934.2,27.699
720.0,934.2,27.521
725.0,934.2,27.477
730.0,934.2,27.287
735.0,934.2,27.358
740.0,934.2,27.158
745.0,934.2,27.172
750.0,934.2,27.13
755.0,934.2,27.134
760.0,934.2,27.398
765.0,934.2,27.332
770.0,934.2,27.696
775.0,934.2,27.817
780.0,934.2,27.836
785.0,934.2,27.63
790.0,934.2,27.252
800.0,934.2,26.889
805.0,934.2,26.967
810.0,934.2,26.935
815.0,934.2,26.868
820.0,934.2,26.957